{"valid_bvp_null_loss":1.6478657722473145,"valid_embed_conf_mat":{"height":480,"_type":"image-file","sha256":"bdba3594be8eee1c67bec4c4aea29ac49a6a09281a5f2c028920ca93c0486d4a","size":6144,"path":"media/images/valid_embed_conf_mat_1849_bdba3594be8eee1c67be.png","format":"png","width":640},"train_bvp_embed":{"height":20,"format":"png","count":3,"filenames":["media/images/train_bvp_embed_1812_5adbc28deed7b043c2b8.png","media/images/train_bvp_embed_1812_c309f4e3b826f0d7ad7c.png","media/images/train_bvp_embed_1812_9bf8c4a4aa23127fe6d5.png"],"_type":"images/separated","width":20},"valid_bvp":{"count":3,"filenames":["media/images/valid_bvp_1849_d07013551178bc12f03d.png","media/images/valid_bvp_1849_61d330c70c648dcc5fde.png","media/images/valid_bvp_1849_72697e6d137750443323.png"],"_type":"images/separated","width":20,"height":20,"format":"png"},"valid_bvp_embed_loss":1.6463008097239904,"train_bvp":{"filenames":["media/images/train_bvp_1812_6bfd2ef727d8da9c54de.png","media/images/train_bvp_1812_078da2f8aec0e75eef92.png","media/images/train_bvp_1812_50be4c4ed9b9b688ad57.png"],"_type":"images/separated","width":20,"height":20,"format":"png","count":3},"valid_null_conf_mat":{"_type":"image-file","sha256":"6e84a8aa86060c9329c407792814bea5cffec733047600a107c437d6621b3bcb","size":6143,"path":"media/images/valid_null_conf_mat_1849_6e84a8aa86060c9329c4.png","format":"png","width":640,"height":480},"_runtime":3777.4099921,"train_loss_diff":-0.10248672962188721,"valid_null_f1":0.3928571343421936,"valid_bvp_null":{"width":20,"height":20,"format":"png","count":3,"filenames":["media/images/valid_bvp_null_1849_05043edafb4cee62c79d.png","media/images/valid_bvp_null_1849_af6dc0d09db08eb566be.png","media/images/valid_bvp_null_1849_d19ea24a234b402330c4.png"],"_type":"images/separated"},"valid_joint_loss":3.313910507197891,"train_embed_loss":1.346842885017395,"train_bvp_null":{"count":3,"filenames":["media/images/train_bvp_null_1812_4a255de975748bdf3512.png","media/images/train_bvp_null_1812_392dc757ca51dea0564d.png","media/images/train_bvp_null_1812_9006cb2ec1245c15b375.png"],"_type":"images/separated","width":20,"height":20,"format":"png"},"train_loss":1.3980863094329834,"valid_null_acc":0.3928571343421936,"valid_embed_f1":0.4017857015132904,"_step":1849,"_wandb":{"runtime":3777},"valid_embed_prec":0.4017857015132904,"train_null_loss":1.4493296146392822,"_timestamp":1.7480826492168627e+09,"valid_null_prec":0.3928571343421936,"valid_bvp_embed":{"format":"png","count":3,"filenames":["media/images/valid_bvp_embed_1849_d866b7527ae64453f088.png","media/images/valid_bvp_embed_1849_9f9da179ae1e08e7c520.png","media/images/valid_bvp_embed_1849_767f7ee2364027cb9f61.png"],"_type":"images/separated","width":20,"height":20},"valid_embed_acc":0.4017857015132904,"train_elbo_loss":0.018478762358427048,"valid_elbo_loss":0.019743925226586207}