{"_step":494,"_runtime":1164.0377235,"train_null_loss":1.7197842597961426,"valid_bvp_embed_loss":NaN,"valid_null_gesture_acc":0.3392857015132904,"train_loss":1.7197842597961426,"valid_null_domain_f1":0.0357142873108387,"valid_domain_null":[],"valid_null_gesture_f1":0.3392857015132904,"train_domain_null":[],"train_domain_loss":13.034873962402344,"valid_embed_gesture_f1":NaN,"valid_gesture_conf_mat":{"size":17691,"path":"media/plotly/valid_gesture_conf_mat_494_2dccb8badca54aa3b083.plotly.json","_type":"plotly-file","sha256":"2dccb8badca54aa3b083c69f75bb8c78e2f082044edbb86e4bbe4809becccd2b"},"train_embed_loss":NaN,"valid_gesture_null":[],"train_gesture_null":[],"valid_null_domain_acc":0.0357142873108387,"valid_embed_domain_f1":NaN,"valid_bvp_null_loss":1.6449141332081385,"_timestamp":1.747492145770998e+09,"_wandb":{"runtime":1164},"valid_domain_loss":8.68450995853969,"valid_joint_loss":10.329424091747828,"train_loss_diff":NaN,"valid_domain_conf_mat":{"_type":"plotly-file","sha256":"f7acbc1bff0ae4321f6fbc3672fba3a20c7bd9bc4a900bf5742338c20919d168","size":158357,"path":"media/plotly/valid_domain_conf_mat_494_f7acbc1bff0ae4321f6f.plotly.json"},"valid_embed_gesture_acc":NaN,"valid_embed_domain_acc":NaN}