{"valid_joint_loss":3.2903385564152683,"valid_bvp_embed_loss":1.63405784538814,"valid_bvp_null":{"height":20,"format":"png","count":3,"filenames":["media/images/valid_bvp_null_1649_6790b839bf064b130ab7.png","media/images/valid_bvp_null_1649_62f4529be1c229d3907a.png","media/images/valid_bvp_null_1649_67deb1e097c56ab9f55a.png"],"_type":"images/separated","width":20},"valid_embed_prec":0.4285714328289032,"_runtime":4911.333452,"valid_bvp":{"filenames":["media/images/valid_bvp_1649_d07013551178bc12f03d.png","media/images/valid_bvp_1649_61d330c70c648dcc5fde.png","media/images/valid_bvp_1649_72697e6d137750443323.png"],"_type":"images/separated","width":20,"height":20,"format":"png","count":3},"train_loss":1.485858678817749,"_step":1649,"valid_elbo_loss":0.019956220207469805,"valid_null_conf_mat":{"size":6094,"path":"media/images/valid_null_conf_mat_1649_a1c2a43a5f168b42c2b7.png","format":"png","width":640,"height":480,"_type":"image-file","sha256":"a1c2a43a5f168b42c2b78ad5e4e9cba632f0611f489a4cc66c1d74bc53a8a9b9"},"train_elbo_loss":0.018803389742970467,"valid_bvp_null_loss":1.6363244908196586,"train_bvp_embed":{"format":"png","count":3,"filenames":["media/images/train_bvp_embed_1616_7d436a71a63c88b8d40f.png","media/images/train_bvp_embed_1616_afd43171ef9719f4302b.png","media/images/train_bvp_embed_1616_6d7165ea89487357c788.png"],"_type":"images/separated","width":20,"height":20},"_timestamp":1.7472105080965796e+09,"valid_embed_acc":0.4285714328289032,"_wandb":{"runtime":4911},"train_embed_loss":1.508501648902893,"train_loss_diff":0.045285940170288086,"train_null_loss":1.463215708732605,"valid_bvp_embed":{"_type":"images/separated","width":20,"height":20,"format":"png","count":3,"filenames":["media/images/valid_bvp_embed_1649_1b4c2fe761beb05b198f.png","media/images/valid_bvp_embed_1649_07c46853cbd3e6a5563b.png","media/images/valid_bvp_embed_1649_83590a5e08a10bc5543a.png"]},"valid_null_f1":0.4107142984867096,"valid_null_prec":0.4107142984867096,"valid_embed_conf_mat":{"sha256":"cf970d5353d427329660e8bdda4e23dc2c3a2299afc944b103e5ff0ac36de5a0","size":6065,"path":"media/images/valid_embed_conf_mat_1649_cf970d5353d427329660.png","format":"png","width":640,"height":480,"_type":"image-file"},"valid_null_acc":0.4107142984867096,"train_bvp":{"count":3,"filenames":["media/images/train_bvp_1616_3b7c66731fdac08f58f5.png","media/images/train_bvp_1616_53de442353b884926449.png","media/images/train_bvp_1616_ac6a99c36f06e2adf76e.png"],"_type":"images/separated","width":20,"height":20,"format":"png"},"train_bvp_null":{"width":20,"height":20,"format":"png","count":3,"filenames":["media/images/train_bvp_null_1616_2ce7fbdfa770efb57e60.png","media/images/train_bvp_null_1616_3ac902a1be9c43c0913e.png","media/images/train_bvp_null_1616_882e7e8759abea231a2e.png"],"_type":"images/separated"},"valid_embed_f1":0.4285714328289032}