{"valid_bvp_embed_loss":1.647178394453866,"train_bvp":{"height":20,"format":"png","count":3,"filenames":["media/images/train_bvp_1616_92463844d9aeac9a6cea.png","media/images/train_bvp_1616_7d524b6524c5acc43013.png","media/images/train_bvp_1616_75bdf48021a9d55ac082.png"],"_type":"images/separated","width":20},"valid_null_prec":0.3928571343421936,"train_bvp_embed":{"width":20,"height":20,"format":"png","count":3,"filenames":["media/images/train_bvp_embed_1616_ab9a1be7aeb95dbd349a.png","media/images/train_bvp_embed_1616_866e71410323f0a640ea.png","media/images/train_bvp_embed_1616_1dcffe7b9490278d08ae.png"],"_type":"images/separated"},"valid_embed_conf_mat":{"size":6051,"path":"media/images/valid_embed_conf_mat_1649_bd68f1deac898b1a3410.png","format":"png","width":640,"height":480,"_type":"image-file","sha256":"bd68f1deac898b1a34100ba978e07c3debfa5ac6bcb4660fcfb5b4121681904c"},"valid_bvp_null_loss":1.6477067470550537,"valid_null_f1":0.3928571343421936,"valid_bvp_embed":{"count":3,"filenames":["media/images/valid_bvp_embed_1649_1e72ef32011b6986d65d.png","media/images/valid_bvp_embed_1649_b70f070832df04a80819.png","media/images/valid_bvp_embed_1649_7a1c7544b2f2c16a0ed5.png"],"_type":"images/separated","width":20,"height":20,"format":"png"},"train_embed_loss":1.3698164224624634,"train_loss_diff":0.05442535877227783,"valid_embed_prec":0.3928571343421936,"_timestamp":1.7472304408020513e+09,"valid_embed_f1":0.3928571343421936,"valid_embed_acc":0.3928571343421936,"train_loss":1.3426036834716797,"train_bvp_null":{"format":"png","count":3,"filenames":["media/images/train_bvp_null_1616_de76b542bb8f5c38c440.png","media/images/train_bvp_null_1616_aff6fc2d0f5b8afd3310.png","media/images/train_bvp_null_1616_6d25fd8ee6edf069fbe4.png"],"_type":"images/separated","width":20,"height":20},"_runtime":3194.7024525,"valid_elbo_loss":0.019540670460888317,"_step":1649,"train_null_loss":1.3153910636901855,"valid_null_acc":0.3928571343421936,"train_elbo_loss":0.018702764064073563,"valid_bvp":{"height":20,"format":"png","count":3,"filenames":["media/images/valid_bvp_1649_d07013551178bc12f03d.png","media/images/valid_bvp_1649_61d330c70c648dcc5fde.png","media/images/valid_bvp_1649_72697e6d137750443323.png"],"_type":"images/separated","width":20},"valid_bvp_null":{"count":3,"filenames":["media/images/valid_bvp_null_1649_17bdf89f5ca66dced0bf.png","media/images/valid_bvp_null_1649_82cb64d1b2322afc925b.png","media/images/valid_bvp_null_1649_19723b0bfddf9abf3f61.png"],"_type":"images/separated","width":20,"height":20,"format":"png"},"_wandb":{"runtime":3194},"valid_null_conf_mat":{"height":480,"_type":"image-file","sha256":"bd68f1deac898b1a34100ba978e07c3debfa5ac6bcb4660fcfb5b4121681904c","size":6051,"path":"media/images/valid_null_conf_mat_1649_bd68f1deac898b1a3410.png","format":"png","width":640},"valid_joint_loss":3.3144258119698082}