{"_wandb":{"runtime":27},"valid_null_f1":0.18333333730697632,"valid_bvp":{"filenames":["media/images/valid_bvp_0_cae3c1c24f04733a0019.png","media/images/valid_bvp_0_15aaf8a4d1868acb15a2.png"],"_type":"images/separated","width":20,"height":20,"format":"png","count":2},"valid_bvp_embed_loss":NaN,"valid_embed_acc":NaN,"valid_embed_f1":NaN,"valid_elbo_loss":0.46569908211628597,"valid_null_conf_mat":{"_type":"image-file","sha256":"014a989b80b66586419725560676b3fa5279ff4af1d07cc4e684b25ccb6cd668","size":6071,"path":"media/images/valid_null_conf_mat_0_014a989b80b665864197.png","format":"png","width":640,"height":480},"_runtime":27.8761287,"valid_bvp_null":{"filenames":["media/images/valid_bvp_null_0_22eb71e977d82c4c6b6f.png","media/images/valid_bvp_null_0_46cb1f6f9f618edfed7e.png"],"_type":"images/separated","width":20,"height":20,"format":"png","count":2},"valid_null_acc":0.18333333730697632,"valid_bvp_null_loss":1.8001455982526144,"_step":59,"valid_joint_loss":2.2658446803689003,"valid_null_prec":0.18333333730697632,"_timestamp":1.744710901868861e+09,"valid_embed_prec":NaN}