{"_timestamp":1.7474792069618728e+09,"train_null_loss":1.7629915475845337,"_runtime":44.9471468,"train_domain_null":[],"train_embed_loss":NaN,"_wandb":{"runtime":44},"train_loss_diff":NaN,"train_loss":1.7629915475845337,"train_domain_loss":11.4918794631958,"_step":32,"train_gesture_null":[]}