{"valid_embed_prec":0.2589285671710968,"train_bvp":{"count":3,"filenames":["media/images/train_bvp_342_6044d8352a9443596b70.png","media/images/train_bvp_342_1d2c3538b089e71f7b53.png","media/images/train_bvp_342_0fe7836a4d362a5f6eb6.png"],"_type":"images/separated","width":20,"height":20,"format":"png"},"_step":349,"valid_elbo_loss":0.01946806801216943,"valid_null_conf_mat":{"width":640,"height":480,"_type":"image-file","sha256":"0c07f58af7775d49a948238a285788601633f3c67bd943a460a7e7435253e005","size":6031,"path":"media/images/valid_null_conf_mat_349_0c07f58af7775d49a948.png","format":"png"},"valid_embed_conf_mat":{"path":"media/images/valid_embed_conf_mat_349_dc6228a16a17cd914ace.png","format":"png","width":640,"height":480,"_type":"image-file","sha256":"dc6228a16a17cd914ace106f8441677cab27760754aada7d1e11b723fb866e5c","size":6045},"valid_null_acc":0.2142857164144516,"_wandb":{"runtime":2710},"train_bvp_null":{"_type":"images/separated","width":20,"height":20,"format":"png","count":3,"filenames":["media/images/train_bvp_null_342_4bd651a4b83374685b9d.png","media/images/train_bvp_null_342_0d017810f61d0d1dbe20.png","media/images/train_bvp_null_342_e1f5399903f0b48486db.png"]},"valid_joint_loss":3.5569345599838664,"train_loss_diff":-0.006847858428955078,"valid_bvp_null":{"width":20,"height":20,"format":"png","count":3,"filenames":["media/images/valid_bvp_null_349_59ba4f63e628a8f82382.png","media/images/valid_bvp_null_349_80533676ac64a7626d78.png","media/images/valid_bvp_null_349_74eed3a6c1f68072577b.png"],"_type":"images/separated"},"_timestamp":1.7462652203216155e+09,"train_loss":1.749287724494934,"valid_embed_acc":0.2589285671710968,"valid_bvp_embed":{"format":"png","count":3,"filenames":["media/images/valid_bvp_embed_349_fae770af0cbd3face81d.png","media/images/valid_bvp_embed_349_b24b71c2b3da561ea923.png","media/images/valid_bvp_embed_349_d05864ef48a610351a4d.png"],"_type":"images/separated","width":20,"height":20},"valid_bvp_null_loss":1.7710302046367101,"valid_null_prec":0.2142857164144516,"valid_null_f1":0.2142857164144516,"train_null_loss":1.7527116537094116,"train_bvp_embed":{"format":"png","count":3,"filenames":["media/images/train_bvp_embed_342_4fdec363edaed1f4fa41.png","media/images/train_bvp_embed_342_1139776cf92704fa2c4a.png","media/images/train_bvp_embed_342_cf7be6cb50f1e0ad0ac6.png"],"_type":"images/separated","width":20,"height":20},"_runtime":2710.3733538,"valid_embed_f1":0.2589285671710968,"train_elbo_loss":0.017553938552737236,"train_embed_loss":1.7458637952804565,"valid_bvp_embed_loss":1.766436287334987,"valid_bvp":{"width":20,"height":20,"format":"png","count":3,"filenames":["media/images/valid_bvp_349_d07013551178bc12f03d.png","media/images/valid_bvp_349_61d330c70c648dcc5fde.png","media/images/valid_bvp_349_72697e6d137750443323.png"],"_type":"images/separated"}}