{"valid_embed_gesture_f1":NaN,"train_embed_loss":NaN,"valid_domain_null":[],"valid_domain_loss":29.30940682547433,"_timestamp":1.7473889722405345e+09,"valid_gesture_conf_mat":{"_type":"plotly-file","sha256":"3add40b8e83537f0915a2d2b319861476c790c44c48868f11d04df41add458e9","size":17691,"path":"media/plotly/valid_gesture_conf_mat_329_3add40b8e83537f0915a.plotly.json"},"train_domain_null":[],"train_null_loss":1.7173975706100464,"train_loss":1.7173975706100464,"train_gesture_null":[],"train_loss_diff":NaN,"valid_embed_gesture_acc":NaN,"valid_null_domain_acc":0,"valid_gesture_null":[],"valid_embed_domain_f1":NaN,"valid_null_gesture_acc":0.3035714328289032,"valid_null_gesture_f1":0.3035714328289032,"train_domain_loss":5.672828197479248,"valid_bvp_embed_loss":NaN,"valid_embed_domain_acc":NaN,"_runtime":674.344289,"_step":362,"valid_bvp_null_loss":1.677105528967721,"valid_joint_loss":30.986512354442052,"_wandb":{"runtime":674},"valid_domain_conf_mat":{"size":17691,"path":"media/plotly/valid_domain_conf_mat_329_3f31fc026d39f9dd456c.plotly.json","_type":"plotly-file","sha256":"3f31fc026d39f9dd456c57dee8c72143e8b1ae582b2c7ba1c9502cf47e74a595"},"valid_null_domain_f1":0}