{"valid_joint_loss":3.5301826215748275,"train_bvp_null":{"height":20,"format":"png","count":3,"filenames":["media/images/train_bvp_null_293_34b41f672ba097ab4981.png","media/images/train_bvp_null_293_fbcce38bdd23fadc883e.png","media/images/train_bvp_null_293_cfc18b5d7cecb16093ba.png"],"_type":"images/separated","width":20},"valid_bvp":{"format":"png","count":3,"filenames":["media/images/valid_bvp_299_d07013551178bc12f03d.png","media/images/valid_bvp_299_61d330c70c648dcc5fde.png","media/images/valid_bvp_299_72697e6d137750443323.png"],"_type":"images/separated","width":20,"height":20},"_step":299,"valid_bvp_null_loss":1.7540571008409773,"_timestamp":1.746799830391056e+09,"train_bvp_embed":{"_type":"images/separated","width":20,"height":20,"format":"png","count":3,"filenames":["media/images/train_bvp_embed_293_92d56bcbbf25a01c63e6.png","media/images/train_bvp_embed_293_7c8698ec781c64997ac8.png","media/images/train_bvp_embed_293_3c12d9aaa917a9cc09ec.png"]},"valid_bvp_embed_loss":1.7528157915387834,"valid_null_acc":0.2767857015132904,"train_embed_loss":1.5008604526519775,"valid_null_prec":0.2767857015132904,"valid_embed_acc":0.2678571343421936,"valid_null_conf_mat":{"path":"media/images/valid_null_conf_mat_299_e293d0aeadbbf622ae94.png","format":"png","width":640,"height":480,"_type":"image-file","sha256":"e293d0aeadbbf622ae94827254dd4e8c7c410e08ad4a4da55259e9a0e098e5cf","size":6027},"train_loss_diff":0.07415759563446045,"train_elbo_loss":0.02170502580702305,"train_bvp":{"height":20,"format":"png","count":3,"filenames":["media/images/train_bvp_293_333d0b872786372b96c5.png","media/images/train_bvp_293_5a76297ef25af34b3560.png","media/images/train_bvp_293_e6b1669eb00ef222e044.png"],"_type":"images/separated","width":20},"valid_null_f1":0.2767857015132904,"valid_bvp_embed":{"format":"png","count":3,"filenames":["media/images/valid_bvp_embed_299_6e412ac9356d0979ed07.png","media/images/valid_bvp_embed_299_5ac22bb18b1ac15c4e23.png","media/images/valid_bvp_embed_299_50e39022269b5fa4cf65.png"],"_type":"images/separated","width":20,"height":20},"_runtime":4640.5321819,"train_null_loss":1.426702857017517,"valid_embed_f1":0.2678571343421936,"train_loss":1.4637815952301025,"valid_embed_conf_mat":{"_type":"image-file","sha256":"dda913e33087853815d1bd234b456fb55d719c832164dcaa0fc2d2cf90ec4838","size":6067,"path":"media/images/valid_embed_conf_mat_299_dda913e33087853815d1.png","format":"png","width":640,"height":480},"valid_bvp_null":{"format":"png","count":3,"filenames":["media/images/valid_bvp_null_299_ac1c5f7efb64849e6f79.png","media/images/valid_bvp_null_299_e6f22503491c3420bc3d.png","media/images/valid_bvp_null_299_f4a7fe4e78f75228380d.png"],"_type":"images/separated","width":20,"height":20},"valid_elbo_loss":0.02330972919506686,"_wandb":{"runtime":4640},"valid_embed_prec":0.2678571343421936}