{"valid_elbo_loss":0.020035882081304277,"valid_null_conf_mat":{"path":"media/images/valid_null_conf_mat_349_08047fd0ed27e9137540.png","format":"png","width":640,"height":480,"_type":"image-file","sha256":"08047fd0ed27e91375409f731bc05ab0bc00f1c948c702cff485a98a163890f7","size":6018},"valid_null_f1":0.2678571343421936,"valid_embed_conf_mat":{"height":480,"_type":"image-file","sha256":"595924151ee4999a09e3d360b8191baa41e0fa454864a67f36999848d3eddab8","size":6015,"path":"media/images/valid_embed_conf_mat_349_595924151ee4999a09e3.png","format":"png","width":640},"train_elbo_loss":0.01597367599606514,"train_bvp":{"width":20,"height":20,"format":"png","count":3,"filenames":["media/images/train_bvp_342_d0e20aa78bc83b45cc23.png","media/images/train_bvp_342_44f42719799e0f2416df.png","media/images/train_bvp_342_3c77e75f5df2ed99f0b6.png"],"_type":"images/separated"},"valid_bvp_null":{"format":"png","count":3,"filenames":["media/images/valid_bvp_null_349_2ae8ac5563d96e2ae1e6.png","media/images/valid_bvp_null_349_700409de8355b6ad78eb.png","media/images/valid_bvp_null_349_ff6bcb5c64ffe3b2d738.png"],"_type":"images/separated","width":20,"height":20},"valid_embed_acc":0.2678571343421936,"_runtime":2615.5180895,"valid_bvp_embed_loss":1.7699569293430872,"valid_bvp":{"width":20,"height":20,"format":"png","count":3,"filenames":["media/images/valid_bvp_349_d07013551178bc12f03d.png","media/images/valid_bvp_349_61d330c70c648dcc5fde.png","media/images/valid_bvp_349_72697e6d137750443323.png"],"_type":"images/separated"},"_timestamp":1.746262501475957e+09,"train_loss":1.4135417938232422,"train_bvp_embed":{"format":"png","count":3,"filenames":["media/images/train_bvp_embed_342_b89fd8cf747153fff29f.png","media/images/train_bvp_embed_342_0c6568e2a05cbca14fa1.png","media/images/train_bvp_embed_342_3b421d9593ae39793cdc.png"],"_type":"images/separated","width":20,"height":20},"valid_embed_f1":0.2678571343421936,"train_null_loss":1.4317885637283325,"train_loss_diff":-0.036493539810180664,"train_bvp_null":{"height":20,"format":"png","count":3,"filenames":["media/images/train_bvp_null_342_009bb3fe3d210c32e5df.png","media/images/train_bvp_null_342_4d6e7e0dd9825be587fa.png","media/images/train_bvp_null_342_e46928f2103937f055ad.png"],"_type":"images/separated","width":20},"train_embed_loss":1.3952950239181519,"valid_null_prec":0.2678571343421936,"valid_bvp_null_loss":1.7685785804476057,"valid_embed_prec":0.2678571343421936,"_step":349,"valid_bvp_embed":{"width":20,"height":20,"format":"png","count":3,"filenames":["media/images/valid_bvp_embed_349_a9cd27b1a8374ddaeacd.png","media/images/valid_bvp_embed_349_b170180dd4829ae09073.png","media/images/valid_bvp_embed_349_265d9ed899dd68513694.png"],"_type":"images/separated"},"_wandb":{"runtime":2615},"valid_null_acc":0.2678571343421936,"valid_joint_loss":3.5585713918719972}