{"valid_embed_gesture_acc":NaN,"_timestamp":1.7473969893673327e+09,"_wandb":{"runtime":655},"valid_joint_loss":4.166933723858425,"valid_bvp_null_loss":1.6344591208866663,"valid_null_domain_acc":0.02678571455180645,"valid_embed_gesture_f1":NaN,"valid_domain_loss":2.532474602971758,"valid_embed_domain_acc":NaN,"train_domain_null":[],"valid_embed_domain_f1":NaN,"valid_bvp_embed_loss":NaN,"valid_domain_conf_mat":{"_type":"plotly-file","sha256":"eab3b9f1b833128dea6f03ae16f1497d2fb9fe2d5e194ea93b2b8ceb22e4e109","size":15073,"path":"media/plotly/valid_domain_conf_mat_494_eab3b9f1b833128dea6f.plotly.json"},"train_gesture_null":[],"train_embed_loss":NaN,"valid_null_gesture_f1":0.3303571343421936,"valid_gesture_null":[],"valid_gesture_conf_mat":{"path":"media/plotly/valid_gesture_conf_mat_494_32564286c522cc7f5f6b.plotly.json","_type":"plotly-file","sha256":"32564286c522cc7f5f6b73f06da64ddeee2a845a265ecadb3f39c80f63ba37d2","size":17689},"_step":494,"_runtime":655.507966,"train_null_loss":1.716735601425171,"train_domain_loss":3.7779860496520996,"valid_domain_null":[],"train_loss_diff":NaN,"valid_null_gesture_acc":0.3303571343421936,"valid_null_domain_f1":0.02678571455180645,"train_loss":1.716735601425171}