{"valid_embed_conf_mat":{"_type":"image-file","sha256":"b8f810767c8c2bead25c934695777c7160efcdc7a7d3f04af7cded5739a8878d","size":6055,"path":"media/images/valid_embed_conf_mat_349_b8f810767c8c2bead25c.png","format":"png","width":640,"height":480},"train_loss_diff":-0.013065338134765625,"valid_elbo_loss":0.020898508174078807,"_step":349,"valid_null_conf_mat":{"size":6077,"path":"media/images/valid_null_conf_mat_349_355e462062410a2e9ed4.png","format":"png","width":640,"height":480,"_type":"image-file","sha256":"355e462062410a2e9ed43ae60ad6a0e1b56a3518ce8827d4a58d2f24416c1c14"},"valid_bvp_embed_loss":1.7308066742760795,"train_elbo_loss":0.015277998521924019,"train_bvp_null":{"format":"png","count":3,"filenames":["media/images/train_bvp_null_342_2502495b578aacd8f734.png","media/images/train_bvp_null_342_409be4d6f077d4c09fd9.png","media/images/train_bvp_null_342_d5dba5af1f84a48f6451.png"],"_type":"images/separated","width":20,"height":20},"valid_embed_f1":0.2767857015132904,"valid_embed_acc":0.2767857015132904,"valid_bvp_null":{"width":20,"height":20,"format":"png","count":3,"filenames":["media/images/valid_bvp_null_349_a8c4f534c0c29aa15b7c.png","media/images/valid_bvp_null_349_7cbfafd97a2456c408da.png","media/images/valid_bvp_null_349_0d396ec5466d0194cf6e.png"],"_type":"images/separated"},"valid_null_f1":0.2857142984867096,"valid_bvp_null_loss":1.7317538261413574,"valid_bvp":{"width":20,"height":20,"format":"png","count":3,"filenames":["media/images/valid_bvp_349_d07013551178bc12f03d.png","media/images/valid_bvp_349_61d330c70c648dcc5fde.png","media/images/valid_bvp_349_72697e6d137750443323.png"],"_type":"images/separated"},"valid_bvp_embed":{"width":20,"height":20,"format":"png","count":3,"filenames":["media/images/valid_bvp_embed_349_a643d2c51459d9426d6c.png","media/images/valid_bvp_embed_349_c4f2ce3f3222c273b381.png","media/images/valid_bvp_embed_349_9992d79843af3b9da555.png"],"_type":"images/separated"},"train_loss":1.3871573209762573,"valid_joint_loss":3.483459008591516,"valid_null_acc":0.2857142984867096,"_runtime":7856.6094157,"train_embed_loss":1.3806246519088745,"train_bvp":{"width":20,"height":20,"format":"png","count":3,"filenames":["media/images/train_bvp_342_996fb5883d166c14084b.png","media/images/train_bvp_342_8b9f4a48b85ed4794f9d.png","media/images/train_bvp_342_97dde3a8b3d92533c76e.png"],"_type":"images/separated"},"train_null_loss":1.3936899900436401,"train_bvp_embed":{"filenames":["media/images/train_bvp_embed_342_f5181938825995dde844.png","media/images/train_bvp_embed_342_950197d9569d8c3b7d6f.png","media/images/train_bvp_embed_342_d3be8f6b83887c677b27.png"],"_type":"images/separated","width":20,"height":20,"format":"png","count":3},"valid_embed_prec":0.2767857015132904,"valid_null_prec":0.2857142984867096,"_timestamp":1.7448845597398376e+09,"_wandb":{"runtime":7856}}