{"valid_null_acc":0.3660714328289032,"valid_null_conf_mat":{"sha256":"419cb11255fc1437749f902950fa7eb86bc8d06a7da0783f7bfa0d590e63810e","size":6064,"path":"media/images/valid_null_conf_mat_1849_419cb11255fc1437749f.png","format":"png","width":640,"height":480,"_type":"image-file"},"train_loss_diff":-0.1532292366027832,"train_bvp_null":{"width":20,"height":20,"format":"png","count":3,"filenames":["media/images/train_bvp_null_1812_fcab8590ce9971537532.png","media/images/train_bvp_null_1812_caca8f55f451123f7459.png","media/images/train_bvp_null_1812_4fc88d5f1d4d131a7d33.png"],"_type":"images/separated"},"valid_bvp":{"width":20,"height":20,"format":"png","count":3,"filenames":["media/images/valid_bvp_1849_d07013551178bc12f03d.png","media/images/valid_bvp_1849_61d330c70c648dcc5fde.png","media/images/valid_bvp_1849_72697e6d137750443323.png"],"_type":"images/separated"},"valid_embed_prec":0.3660714328289032,"valid_embed_acc":0.3660714328289032,"valid_elbo_loss":0.01961369812488556,"valid_bvp_null_loss":1.6578242438180106,"valid_null_f1":0.3660714328289032,"valid_bvp_null":{"height":20,"format":"png","count":3,"filenames":["media/images/valid_bvp_null_1849_39a27440e5fe5442d85c.png","media/images/valid_bvp_null_1849_b00859a732d40acb5f9b.png","media/images/valid_bvp_null_1849_497274f3f77e03b373c9.png"],"_type":"images/separated","width":20},"train_bvp":{"height":20,"format":"png","count":3,"filenames":["media/images/train_bvp_1812_dbea83dbc1d93dbdbdea.png","media/images/train_bvp_1812_6a4d45705d30f8ab5501.png","media/images/train_bvp_1812_fc195039fa4c532231c9.png"],"_type":"images/separated","width":20},"_runtime":6745.5598015,"train_null_loss":1.482454776763916,"valid_joint_loss":3.3353988506964276,"valid_bvp_embed":{"_type":"images/separated","width":20,"height":20,"format":"png","count":3,"filenames":["media/images/valid_bvp_embed_1849_60fe4d6c6e9202873173.png","media/images/valid_bvp_embed_1849_b73ba44a00685e4d37d6.png","media/images/valid_bvp_embed_1849_88f569e5331db476394e.png"]},"valid_embed_conf_mat":{"width":640,"height":480,"_type":"image-file","sha256":"419cb11255fc1437749f902950fa7eb86bc8d06a7da0783f7bfa0d590e63810e","size":6064,"path":"media/images/valid_embed_conf_mat_1849_419cb11255fc1437749f.png","format":"png"},"train_elbo_loss":0.015654291957616806,"_timestamp":1.748021002526129e+09,"_step":1849,"valid_null_prec":0.3660714328289032,"train_loss":1.4058401584625244,"train_embed_loss":1.3292255401611328,"valid_bvp_embed_loss":1.6579609087535314,"_wandb":{"runtime":6745},"train_bvp_embed":{"_type":"images/separated","width":20,"height":20,"format":"png","count":3,"filenames":["media/images/train_bvp_embed_1812_b1c4a4491326baf9ee8f.png","media/images/train_bvp_embed_1812_e8191e7d509a77532973.png","media/images/train_bvp_embed_1812_3dc16835e57267775df8.png"]},"valid_embed_f1":0.3660714328289032}