{"valid_bvp_null_loss":1.6240419149398804,"valid_embed_acc":0.4285714328289032,"_runtime":9186.2273926,"train_bvp_null":{"_type":"images/separated","width":20,"height":20,"format":"png","count":3,"filenames":["media/images/train_bvp_null_1812_32f7c1ee956febc07c38.png","media/images/train_bvp_null_1812_5fd6ea59bced8cd41b72.png","media/images/train_bvp_null_1812_7611966a643005d909d1.png"]},"train_bvp_embed":{"filenames":["media/images/train_bvp_embed_1812_8d6e47c6a702b991bcef.png","media/images/train_bvp_embed_1812_299e9da98651656ecdad.png","media/images/train_bvp_embed_1812_8094d76b54d3c4ff773f.png"],"_type":"images/separated","width":20,"height":20,"format":"png","count":3},"train_null_loss":1.5880529880523682,"_step":1849,"train_elbo_loss":0.017881862819194794,"valid_null_f1":0.4375,"train_bvp":{"filenames":["media/images/train_bvp_1812_021740d8b7c4264e883b.png","media/images/train_bvp_1812_954262a89308991696cf.png","media/images/train_bvp_1812_eab59cf2aa07610c1248.png"],"_type":"images/separated","width":20,"height":20,"format":"png","count":3},"valid_embed_prec":0.4285714328289032,"_wandb":{"runtime":9186},"valid_null_acc":0.4375,"valid_embed_f1":0.4285714328289032,"train_loss_diff":-0.00271761417388916,"valid_null_conf_mat":{"height":480,"_type":"image-file","sha256":"e3027ca33e22a2733db8532b0a397aef82cdab1ca720bc701ac1529169de80a3","size":6101,"path":"media/images/valid_null_conf_mat_1849_e3027ca33e22a2733db8.png","format":"png","width":640},"valid_bvp":{"width":20,"height":20,"format":"png","count":3,"filenames":["media/images/valid_bvp_1849_d07013551178bc12f03d.png","media/images/valid_bvp_1849_61d330c70c648dcc5fde.png","media/images/valid_bvp_1849_72697e6d137750443323.png"],"_type":"images/separated"},"valid_embed_conf_mat":{"format":"png","width":640,"height":480,"_type":"image-file","sha256":"2ac4596b7495cff68fc96cafe7aec71abb15e62597fac137a3e67d475c835785","size":6125,"path":"media/images/valid_embed_conf_mat_1849_2ac4596b7495cff68fc9.png"},"train_embed_loss":1.585335373878479,"valid_bvp_embed_loss":1.6250166211809431,"valid_bvp_embed":{"_type":"images/separated","width":20,"height":20,"format":"png","count":3,"filenames":["media/images/valid_bvp_embed_1849_6b1506a4f372fd7c7fa2.png","media/images/valid_bvp_embed_1849_88d98f46afbbdfdea780.png","media/images/valid_bvp_embed_1849_218a4211bb8c367eee45.png"]},"valid_elbo_loss":0.01937420479953289,"_timestamp":1.7479991491110218e+09,"valid_bvp_null":{"format":"png","count":3,"filenames":["media/images/valid_bvp_null_1849_e47b16b39e1979089b03.png","media/images/valid_bvp_null_1849_b82aac2a4ea8eaa484f9.png","media/images/valid_bvp_null_1849_c00614bda42951a731f4.png"],"_type":"images/separated","width":20,"height":20},"valid_null_prec":0.4375,"valid_joint_loss":3.2684327409203564,"train_loss":1.5866942405700684}