{"train_domain_null":[],"train_null_loss":1.7988799810409546,"_wandb":{"runtime":4},"train_loss":1.7988799810409546,"_runtime":4.9613040999999996,"train_gesture_null":[],"train_embed_loss":NaN,"_step":1,"train_loss_diff":NaN,"_timestamp":1.7473057626941981e+09,"train_domain_loss":2.9050629138946533}