{"valid_bvp_embed_loss":1.7957735402243478,"valid_null_acc":0.1428571492433548,"valid_null_prec":0.1428571492433548,"valid_null_f1":0.1428571492433548,"train_embed_loss":1.4672696590423584,"train_elbo_loss":0.016761206090450287,"_runtime":5152.7636335,"train_bvp":{"_type":"images/separated","width":20,"height":20,"format":"png","count":3,"filenames":["media/images/train_bvp_342_646d824340eead1e43c3.png","media/images/train_bvp_342_d063e7ec708f166f1963.png","media/images/train_bvp_342_650ff1670fa0aabb7d33.png"]},"valid_embed_acc":0.1428571492433548,"valid_bvp_null_loss":1.7962339094706945,"valid_bvp":{"format":"png","count":3,"filenames":["media/images/valid_bvp_349_d07013551178bc12f03d.png","media/images/valid_bvp_349_61d330c70c648dcc5fde.png","media/images/valid_bvp_349_72697e6d137750443323.png"],"_type":"images/separated","width":20,"height":20},"train_bvp_null":{"height":20,"format":"png","count":3,"filenames":["media/images/train_bvp_null_342_0649e1b05a45df19ab45.png","media/images/train_bvp_null_342_8cae2f1a26d6ada14646.png","media/images/train_bvp_null_342_6da4e053c2b40cec42bb.png"],"_type":"images/separated","width":20},"valid_joint_loss":3.6127417872526815,"valid_bvp_embed":{"filenames":["media/images/valid_bvp_embed_349_1c38addce44dbe45aeb8.png","media/images/valid_bvp_embed_349_2313b0eeab559dccd8c6.png","media/images/valid_bvp_embed_349_1b9631532f5c7f670cee.png"],"_type":"images/separated","width":20,"height":20,"format":"png","count":3},"train_null_loss":1.4367311000823975,"_step":349,"valid_null_conf_mat":{"_type":"image-file","sha256":"0c2255edc72cc9c565f878f8206fa815e97cab04cd34e20b9eb0a2e597da73c0","size":6189,"path":"media/images/valid_null_conf_mat_349_0c2255edc72cc9c565f8.png","format":"png","width":640,"height":480},"train_bvp_embed":{"height":20,"format":"png","count":3,"filenames":["media/images/train_bvp_embed_342_86ef0c8b6687455473a1.png","media/images/train_bvp_embed_342_48dae41b34b9b78e4545.png","media/images/train_bvp_embed_342_6516c7ae297dc7a6ba41.png"],"_type":"images/separated","width":20},"valid_embed_f1":0.1428571492433548,"_wandb":{"runtime":5152},"_timestamp":1.7449036764059348e+09,"valid_embed_conf_mat":{"sha256":"c117de7ff2ee1b6818412cc95b85d182c422e0b0c0d6e3e41ce52d0eac2a6b7e","size":6146,"path":"media/images/valid_embed_conf_mat_349_c117de7ff2ee1b681841.png","format":"png","width":640,"height":480,"_type":"image-file"},"valid_elbo_loss":0.020734337557639395,"valid_embed_prec":0.1428571492433548,"valid_bvp_null":{"height":20,"format":"png","count":3,"filenames":["media/images/valid_bvp_null_349_b484d430bf4d5843b18c.png","media/images/valid_bvp_null_349_0a6a800345ddd2126607.png","media/images/valid_bvp_null_349_a0f7c2a146c062d3dbb7.png"],"_type":"images/separated","width":20},"train_loss_diff":0.030538558959960938,"train_loss":1.452000379562378}