{"valid_bvp_null_loss":1.6228676353182112,"valid_null_conf_mat":{"height":480,"_type":"image-file","sha256":"55f8f2fd99bb1192c9737e559b429788c81c518bc0cb94606c54b59e32ef252c","size":6075,"path":"media/images/valid_null_conf_mat_1649_55f8f2fd99bb1192c973.png","format":"png","width":640},"train_elbo_loss":0.018348176032304764,"valid_bvp_embed_loss":1.6210628407342094,"train_loss_diff":-0.07732200622558594,"valid_elbo_loss":0.019179073561515127,"train_bvp_embed":{"_type":"images/separated","width":20,"height":20,"format":"png","count":3,"filenames":["media/images/train_bvp_embed_1616_0daa4ab40f4e1c1ebb4c.png","media/images/train_bvp_embed_1616_eebc635a8deef051763f.png","media/images/train_bvp_embed_1616_615ebb43865d66ae3182.png"]},"train_embed_loss":1.5357131958007812,"train_null_loss":1.6130352020263672,"train_bvp_null":{"format":"png","count":3,"filenames":["media/images/train_bvp_null_1616_7dd968d38ed081706d0d.png","media/images/train_bvp_null_1616_6528aa0a3dfadd77e4f6.png","media/images/train_bvp_null_1616_6a38544547a4bfba6f09.png"],"_type":"images/separated","width":20,"height":20},"train_bvp":{"width":20,"height":20,"format":"png","count":3,"filenames":["media/images/train_bvp_1616_071f83962709dd63af4e.png","media/images/train_bvp_1616_f80df3612e7de0652daf.png","media/images/train_bvp_1616_06864ffe18ed5afcffef.png"],"_type":"images/separated"},"valid_embed_acc":0.4017857015132904,"train_loss":1.5743741989135742,"valid_null_prec":0.3928571343421936,"_runtime":5036.2130506,"valid_null_f1":0.3928571343421936,"valid_joint_loss":3.2631095496139357,"valid_bvp_null":{"format":"png","count":3,"filenames":["media/images/valid_bvp_null_1649_a5f507f875d8dff755ab.png","media/images/valid_bvp_null_1649_29e4e778d227bb827289.png","media/images/valid_bvp_null_1649_5fff09ac7b7ef21d877c.png"],"_type":"images/separated","width":20,"height":20},"_timestamp":1.7472205961841197e+09,"valid_bvp":{"_type":"images/separated","width":20,"height":20,"format":"png","count":3,"filenames":["media/images/valid_bvp_1649_d07013551178bc12f03d.png","media/images/valid_bvp_1649_61d330c70c648dcc5fde.png","media/images/valid_bvp_1649_72697e6d137750443323.png"]},"valid_embed_prec":0.4017857015132904,"_step":1649,"_wandb":{"runtime":5036},"valid_bvp_embed":{"filenames":["media/images/valid_bvp_embed_1649_0bbcaabc9192ad182ab5.png","media/images/valid_bvp_embed_1649_d95643a9eb751eb0bec2.png","media/images/valid_bvp_embed_1649_16ce6316d47f99a96d60.png"],"_type":"images/separated","width":20,"height":20,"format":"png","count":3},"valid_embed_conf_mat":{"height":480,"_type":"image-file","sha256":"5c5d210a73b7be5c39ac259ce38d747299ff8e3e0201b234c91ee738c4fbdc3d","size":6106,"path":"media/images/valid_embed_conf_mat_1649_5c5d210a73b7be5c39ac.png","format":"png","width":640},"valid_embed_f1":0.4017857015132904,"valid_null_acc":0.3928571343421936}