{"_runtime":747.2899147,"train_gesture_null":[],"train_loss":1.7376725673675537,"_step":461,"valid_joint_loss":33.556055954524446,"valid_null_domain_f1":0,"valid_domain_null":[],"valid_gesture_conf_mat":{"path":"media/plotly/valid_gesture_conf_mat_428_51bb46f1955f241497d0.plotly.json","_type":"plotly-file","sha256":"51bb46f1955f241497d0c5498c7a7f755043fdf5e6e0c27866a00e773a497b82","size":17690},"valid_null_gesture_f1":0.3660714328289032,"train_domain_null":[],"valid_bvp_null_loss":1.6305845124380929,"valid_embed_gesture_acc":NaN,"valid_embed_domain_acc":NaN,"train_embed_loss":NaN,"valid_null_gesture_acc":0.3660714328289032,"train_loss_diff":NaN,"valid_domain_conf_mat":{"size":62812,"path":"media/plotly/valid_domain_conf_mat_428_9b603f5b04958b51cd16.plotly.json","_type":"plotly-file","sha256":"9b603f5b04958b51cd16318e0407ea65b5b53ebb2597c37c35b7bcc7b0f9bf56"},"train_domain_loss":4.465294361114502,"valid_bvp_embed_loss":NaN,"_wandb":{"runtime":747},"valid_domain_loss":31.925471442086355,"valid_null_domain_acc":0,"train_null_loss":1.7376725673675537,"valid_embed_gesture_f1":NaN,"_timestamp":1.747309300496757e+09,"valid_embed_domain_f1":NaN,"valid_gesture_null":[]}