{"_wandb":{"runtime":5},"train_loss":1.794291615486145,"train_loss_diff":NaN,"_runtime":5.0777694,"train_domain_loss":3.2171735763549805,"train_embed_loss":NaN,"_step":6,"_timestamp":1.7454087374024851e+09,"train_null_loss":1.794291615486145}