{"_timestamp":1.747477631296487e+09,"_wandb":{"runtime":40},"train_domain_null":[],"train_null_loss":1.7615740299224854,"train_loss":1.7615740299224854,"train_domain_loss":12.080038070678711,"_step":32,"train_embed_loss":NaN,"train_gesture_null":[],"_runtime":40.2721664,"train_loss_diff":NaN}