{"train_bvp":{"count":3,"filenames":["media/images/train_bvp_342_a1319a25d4eadbaf6839.png","media/images/train_bvp_342_037fef6c28e76c6f447c.png","media/images/train_bvp_342_cc0f39a5753b97638ff4.png"],"_type":"images/separated","width":20,"height":20,"format":"png"},"valid_null_prec":0.3392857015132904,"train_bvp_null":{"height":20,"format":"png","count":3,"filenames":["media/images/train_bvp_null_342_182f3049de322aa0a464.png","media/images/train_bvp_null_342_3ecf655f9b37adff47f0.png","media/images/train_bvp_null_342_1bc7dcbe51adbdd345cc.png"],"_type":"images/separated","width":20},"valid_joint_loss":3.463365213945508,"valid_null_conf_mat":{"_type":"image-file","sha256":"934334844435bc00705c61012a65d8369c474a43d8899aa6433b1dedf499c5a0","size":6142,"path":"media/images/valid_null_conf_mat_349_934334844435bc00705c.png","format":"png","width":640,"height":480},"train_null_loss":1.4099022150039673,"train_loss_diff":-0.029587507247924805,"_timestamp":1.746172081619302e+09,"valid_bvp_embed_loss":1.7208054746900285,"valid_null_f1":0.3392857015132904,"train_embed_loss":1.3803147077560425,"valid_embed_prec":0.3125,"valid_embed_acc":0.3125,"train_loss":1.3951084613800049,"valid_elbo_loss":0.019896030159933225,"valid_bvp":{"format":"png","count":3,"filenames":["media/images/valid_bvp_349_d07013551178bc12f03d.png","media/images/valid_bvp_349_61d330c70c648dcc5fde.png","media/images/valid_bvp_349_72697e6d137750443323.png"],"_type":"images/separated","width":20,"height":20},"_step":349,"valid_bvp_null":{"format":"png","count":3,"filenames":["media/images/valid_bvp_null_349_fd16b4ec50ee5b943b8e.png","media/images/valid_bvp_null_349_d94a9e887fcff27edf21.png","media/images/valid_bvp_null_349_1679b67da16f6704b540.png"],"_type":"images/separated","width":20,"height":20},"valid_bvp_null_loss":1.7226637090955461,"valid_embed_conf_mat":{"path":"media/images/valid_embed_conf_mat_349_4e2484e0cc5199c77053.png","format":"png","width":640,"height":480,"_type":"image-file","sha256":"4e2484e0cc5199c77053106af10d5050bc8c7d88cd98b869bd7e348abeed8cab","size":6147},"_runtime":2781.65265,"valid_null_acc":0.3392857015132904,"train_elbo_loss":0.01714453659951687,"_wandb":{"runtime":2781},"train_bvp_embed":{"height":20,"format":"png","count":3,"filenames":["media/images/train_bvp_embed_342_ec1eb4d03d60a09b7b64.png","media/images/train_bvp_embed_342_39e9b28952ec44e5efce.png","media/images/train_bvp_embed_342_03c8bcc33c1fbe86793d.png"],"_type":"images/separated","width":20},"valid_bvp_embed":{"count":3,"filenames":["media/images/valid_bvp_embed_349_0b9b186921acf8e729e8.png","media/images/valid_bvp_embed_349_08ea0bd94ed59a379e3b.png","media/images/valid_bvp_embed_349_929be525cd29f49a7365.png"],"_type":"images/separated","width":20,"height":20,"format":"png"},"valid_embed_f1":0.3125}