{"train_null_loss":1.7978317737579346,"_runtime":40.9122904,"train_loss_diff":NaN,"_step":32,"train_domain_null":[],"train_gesture_null":[],"train_embed_loss":NaN,"train_loss":1.7978317737579346,"train_domain_loss":4.498579502105713,"_timestamp":1.7474832799864028e+09,"_wandb":{"runtime":40}}