{"valid_null_prec":0.3125,"train_null_loss":1.6091574430465698,"valid_embed_f1":0.2767857015132904,"valid_embed_prec":0.2767857015132904,"train_loss":1.568837285041809,"valid_bvp_embed":{"height":20,"format":"png","count":3,"filenames":["media/images/valid_bvp_embed_1649_230f30871095b353416e.png","media/images/valid_bvp_embed_1649_7162c7d3ec217d5e2f5b.png","media/images/valid_bvp_embed_1649_64b6cd70a95b712426d1.png"],"_type":"images/separated","width":20},"valid_bvp_null":{"filenames":["media/images/valid_bvp_null_1649_bb94dbef620227c5716a.png","media/images/valid_bvp_null_1649_58ec820f19a90620e4e5.png","media/images/valid_bvp_null_1649_4e6309f0de14137e9c95.png"],"_type":"images/separated","width":20,"height":20,"format":"png","count":3},"_step":1649,"valid_bvp":{"count":3,"filenames":["media/images/valid_bvp_1649_d07013551178bc12f03d.png","media/images/valid_bvp_1649_61d330c70c648dcc5fde.png","media/images/valid_bvp_1649_72697e6d137750443323.png"],"_type":"images/separated","width":20,"height":20,"format":"png"},"valid_embed_acc":0.2767857015132904,"valid_elbo_loss":0.019284909857170924,"valid_null_conf_mat":{"sha256":"314bceba0416f9dddc9b77fa46dbd2906c5081ae4478f3bf8fad402139cc29a3","size":6079,"path":"media/images/valid_null_conf_mat_1649_314bceba0416f9dddc9b.png","format":"png","width":640,"height":480,"_type":"image-file"},"valid_null_acc":0.3125,"train_bvp_null":{"filenames":["media/images/train_bvp_null_1616_e21e1e0fec43e0f6fd9d.png","media/images/train_bvp_null_1616_0c5dcd6a83e81d60dfd5.png","media/images/train_bvp_null_1616_a653ab13ed6f2e216599.png"],"_type":"images/separated","width":20,"height":20,"format":"png","count":3},"valid_embed_conf_mat":{"height":480,"_type":"image-file","sha256":"e65cc7162c64e65a6b52031abce134f5f06cfbff24b47e5e42c4143548d54b2a","size":6057,"path":"media/images/valid_embed_conf_mat_1649_e65cc7162c64e65a6b52.png","format":"png","width":640},"valid_bvp_embed_loss":1.6900032758712769,"_wandb":{"runtime":4489},"train_bvp_embed":{"format":"png","count":3,"filenames":["media/images/train_bvp_embed_1616_2d8a0ce60c7dec8b804d.png","media/images/train_bvp_embed_1616_5d52270b99c06766f2cb.png","media/images/train_bvp_embed_1616_54e27664e5db1939c192.png"],"_type":"images/separated","width":20,"height":20},"train_elbo_loss":0.016745662316679955,"train_embed_loss":1.5285171270370483,"_runtime":4489.3040299,"valid_null_f1":0.3125,"valid_joint_loss":3.3936645617442474,"valid_bvp_null_loss":1.6843763760157995,"train_loss_diff":-0.08064031600952148,"train_bvp":{"height":20,"format":"png","count":3,"filenames":["media/images/train_bvp_1616_1dc273254a14bf5e9608.png","media/images/train_bvp_1616_86f70a57396af10a0b60.png","media/images/train_bvp_1616_63de2fe3bf7f069479e3.png"],"_type":"images/separated","width":20},"_timestamp":1.7472476385853286e+09}