{"train_null_loss":1.7717982530593872,"valid_domain_loss":3.027989591870989,"train_domain_null":[],"valid_embed_domain_f1":NaN,"train_embed_loss":NaN,"_step":65,"train_loss":1.7717982530593872,"train_domain_loss":8.072872161865234,"valid_joint_loss":4.793253421783447,"_wandb":{"runtime":114},"valid_null_domain_f1":0.1607142835855484,"_runtime":114.0515223,"valid_null_gesture_acc":0.2589285671710968,"valid_embed_gesture_acc":NaN,"valid_embed_domain_acc":NaN,"valid_null_gesture_f1":0.2589285671710968,"valid_bvp_null_loss":1.7652638299124581,"_timestamp":1.7474853330656226e+09,"train_loss_diff":NaN,"valid_null_domain_acc":0.1607142835855484,"valid_embed_gesture_f1":NaN,"valid_domain_conf_mat":{"sha256":"ff05090216b4afa5e1eb65e1285c85501a88c4b1a2ae918b97e803f53d9e4258","size":146491,"path":"media/plotly/valid_domain_conf_mat_32_ff05090216b4afa5e1eb.plotly.json","_type":"plotly-file"},"valid_bvp_embed_loss":NaN,"train_gesture_null":[],"valid_gesture_conf_mat":{"sha256":"24d22a70135e96bac51c55b8165dc9209bfc911383f0d62a355c6fccd0a6f4c1","size":17692,"path":"media/plotly/valid_gesture_conf_mat_32_24d22a70135e96bac51c.plotly.json","_type":"plotly-file"},"valid_domain_null":[],"valid_gesture_null":[]}