{"valid_embed_domain_acc":NaN,"train_loss_diff":NaN,"_step":104,"valid_domain_conf_mat":{"size":78063,"path":"media/plotly/valid_domain_conf_mat_104_36e19f2bce7830fcdbfb.plotly.json","_type":"plotly-file","sha256":"36e19f2bce7830fcdbfb776a08803bbedad4fde691f68a8dd25b2dee074c46fd"},"_wandb":{"runtime":205},"_timestamp":1.7454105668497536e+09,"train_domain_loss":1.8773479461669922,"valid_bvp_embed_loss":NaN,"valid_gesture_conf_mat":{"size":17687,"path":"media/plotly/valid_gesture_conf_mat_104_d60e885cdcb298a1aa36.plotly.json","_type":"plotly-file","sha256":"d60e885cdcb298a1aa362314a75470c167801607481402140dfd09a259670738"},"valid_domain_loss":3.716548442840576,"valid_null_domain_acc":0,"train_loss":1.4966007471084595,"valid_null_gesture_acc":0.25,"valid_null_domain_f1":0,"valid_embed_domain_f1":NaN,"train_embed_loss":NaN,"valid_null_gesture_f1":0.25,"valid_bvp_null_loss":1.7305200440543038,"_runtime":205.087335,"valid_joint_loss":5.44706848689488,"valid_embed_gesture_acc":NaN,"valid_embed_gesture_f1":NaN,"train_null_loss":1.4966007471084595}