{"valid_gesture_conf_mat":{"path":"media/plotly/valid_gesture_conf_mat_461_37e72fe4e8b45eb7d368.plotly.json","_type":"plotly-file","sha256":"37e72fe4e8b45eb7d368795a9cf4bd3f3ebca55b5a04a85ab50eb920738419a2","size":17689},"valid_bvp_null_loss":1.6754776920591081,"_runtime":757.0870526,"valid_bvp_embed_loss":NaN,"valid_embed_domain_acc":NaN,"train_domain_null":[],"valid_domain_conf_mat":{"sha256":"1070a2796c178306dffb59f4e07cbfe2981e69ac334d33ccf279d08b6871cf3c","size":17690,"path":"media/plotly/valid_domain_conf_mat_461_1070a2796c178306dffb.plotly.json","_type":"plotly-file"},"valid_domain_null":[],"valid_domain_loss":23.48629515511649,"valid_null_domain_acc":0,"valid_null_gesture_f1":0.2857142984867096,"valid_gesture_null":[],"train_domain_loss":5.217325210571289,"valid_embed_domain_f1":NaN,"_timestamp":1.7473824040782366e+09,"valid_embed_gesture_acc":NaN,"train_gesture_null":[],"train_null_loss":1.688047170639038,"valid_null_domain_f1":0,"valid_embed_gesture_f1":NaN,"_wandb":{"runtime":757},"train_loss":1.688047170639038,"valid_null_gesture_acc":0.2857142984867096,"valid_joint_loss":25.161772847175598,"train_embed_loss":NaN,"_step":494,"train_loss_diff":NaN}