{"_wandb":{"runtime":40},"train_gesture_null":[],"valid_embed_domain_f1":NaN,"valid_null_gesture_acc":0.3035714328289032,"train_null_loss":1.81315279006958,"valid_domain_loss":13.640396799360003,"valid_embed_gesture_acc":NaN,"train_embed_loss":NaN,"valid_domain_null":[],"_step":32,"train_domain_loss":3.6792447566986084,"valid_bvp_null_loss":1.7658233983176095,"valid_null_domain_f1":0,"valid_null_gesture_f1":0.3035714328289032,"valid_domain_conf_mat":{"size":17688,"path":"media/plotly/valid_domain_conf_mat_32_0d570b4204c85918ca2b.plotly.json","_type":"plotly-file","sha256":"0d570b4204c85918ca2b1f53c610f1677410c8b8c9d78e4342830a90bc25bd7f"},"valid_embed_domain_acc":NaN,"_runtime":40.731858,"valid_null_domain_acc":0,"train_loss_diff":NaN,"valid_joint_loss":15.406220197677612,"valid_bvp_embed_loss":NaN,"train_loss":1.81315279006958,"valid_gesture_conf_mat":{"size":17692,"path":"media/plotly/valid_gesture_conf_mat_32_a4aee93d4d93b3ab85b4.plotly.json","_type":"plotly-file","sha256":"a4aee93d4d93b3ab85b4b9196bf60aa60971a9bfec2d2b3600579f32224c9151"},"_timestamp":1.7473080869164279e+09,"valid_embed_gesture_f1":NaN,"valid_gesture_null":[],"train_domain_null":[]}