{"valid_gesture_null":[],"valid_joint_loss":4.342339737074716,"_timestamp":1.7474873765022302e+09,"valid_null_gesture_acc":0.3571428656578064,"train_domain_loss":4.902061462402344,"train_loss":1.690584659576416,"valid_bvp_embed_loss":NaN,"train_null_loss":1.690584659576416,"_wandb":{"runtime":649},"valid_null_domain_f1":0.3571428656578064,"valid_gesture_conf_mat":{"sha256":"c3ee93ee622049015ee21c3a67bb55f110b76cbaf6d8925db1109bdb7360e8be","size":17690,"path":"media/plotly/valid_gesture_conf_mat_494_c3ee93ee622049015ee2.plotly.json","_type":"plotly-file"},"valid_embed_gesture_f1":NaN,"train_domain_null":[],"valid_bvp_null_loss":1.6402230603354317,"valid_null_domain_acc":0.3571428656578064,"train_embed_loss":NaN,"valid_embed_gesture_acc":NaN,"valid_null_gesture_f1":0.3571428656578064,"train_gesture_null":[],"train_loss_diff":NaN,"valid_embed_domain_f1":NaN,"_step":494,"valid_domain_null":[],"_runtime":649.2689285,"valid_domain_conf_mat":{"_type":"plotly-file","sha256":"51b83d2098b19b4199c9d233d106a7408137102b79cbe715c662f3e9200a5935","size":15073,"path":"media/plotly/valid_domain_conf_mat_494_51b83d2098b19b4199c9.plotly.json"},"valid_embed_domain_acc":NaN,"valid_domain_loss":2.702116676739284}