{"valid_null_f1":0.2142857164144516,"train_bvp":{"width":20,"height":20,"format":"png","count":3,"filenames":["media/images/train_bvp_342_e11f7fb5948840547753.png","media/images/train_bvp_342_e4a2d95a87306bf943a5.png","media/images/train_bvp_342_e6b1669eb00ef222e044.png"],"_type":"images/separated"},"valid_bvp_embed_loss":1.767013737133571,"valid_bvp_embed":{"height":20,"format":"png","count":3,"filenames":["media/images/valid_bvp_embed_349_935afc3f0ec9147ef1b9.png","media/images/valid_bvp_embed_349_e016f3a0dba32fa68158.png","media/images/valid_bvp_embed_349_98e346e4d1cd36317477.png"],"_type":"images/separated","width":20},"_timestamp":1.746182154836355e+09,"valid_null_acc":0.2142857164144516,"valid_bvp_null":{"count":3,"filenames":["media/images/valid_bvp_null_349_967d1a1433cee3b45323.png","media/images/valid_bvp_null_349_7f67e12365637e2c9d01.png","media/images/valid_bvp_null_349_6e3a4435fb095d794dff.png"],"_type":"images/separated","width":20,"height":20,"format":"png"},"valid_bvp_null_loss":1.7680861779621668,"valid_bvp":{"width":20,"height":20,"format":"png","count":3,"filenames":["media/images/valid_bvp_349_d07013551178bc12f03d.png","media/images/valid_bvp_349_61d330c70c648dcc5fde.png","media/images/valid_bvp_349_72697e6d137750443323.png"],"_type":"images/separated"},"_step":349,"train_null_loss":1.4680835008621216,"valid_elbo_loss":0.02133589450802122,"valid_embed_conf_mat":{"_type":"image-file","sha256":"de6f6acb8893576715de14c25966bd08fbd486647fc19d766274b45e9a7fbf9f","size":6091,"path":"media/images/valid_embed_conf_mat_349_de6f6acb8893576715de.png","format":"png","width":640,"height":480},"valid_embed_f1":0.2410714328289032,"valid_null_conf_mat":{"size":6157,"path":"media/images/valid_null_conf_mat_349_6c895965b4a3f2a8e55b.png","format":"png","width":640,"height":480,"_type":"image-file","sha256":"6c895965b4a3f2a8e55b2498dda17516815252fe48e56f9811d6dce877aa0372"},"train_elbo_loss":0.01800858974456787,"_wandb":{"runtime":7027},"valid_joint_loss":3.556435809603759,"_runtime":7027.1251338,"valid_embed_acc":0.2410714328289032,"valid_null_prec":0.2142857164144516,"train_bvp_null":{"format":"png","count":3,"filenames":["media/images/train_bvp_null_342_3e5fd8fde14ec4c4fd46.png","media/images/train_bvp_null_342_9e3123e993b1cf6945d3.png","media/images/train_bvp_null_342_5623c3e5eb44f169d296.png"],"_type":"images/separated","width":20,"height":20},"train_bvp_embed":{"count":3,"filenames":["media/images/train_bvp_embed_342_0e2a88aa115c054d5f1d.png","media/images/train_bvp_embed_342_3662f37b9ea5661a3553.png","media/images/train_bvp_embed_342_3ea84a09e8bf299464b5.png"],"_type":"images/separated","width":20,"height":20,"format":"png"},"train_loss_diff":-0.09795916080474854,"train_loss":1.4191038608551025,"valid_embed_prec":0.2410714328289032,"train_embed_loss":1.370124340057373}