{"valid_embed_domain_f1":NaN,"_step":494,"train_gesture_null":[],"valid_embed_gesture_acc":NaN,"valid_domain_conf_mat":{"path":"media/plotly/valid_domain_conf_mat_461_ca095cb4e4871b93aa7b.plotly.json","_type":"plotly-file","sha256":"ca095cb4e4871b93aa7b94679ff381d8b1c86c45e5fc346af5e29f22a8c9db75","size":17691},"_wandb":{"runtime":706},"valid_domain_loss":22.077949115208217,"valid_joint_loss":23.730978199413844,"valid_null_gesture_f1":0.3303571343421936,"valid_embed_domain_acc":NaN,"_runtime":706.3686264,"valid_bvp_embed_loss":NaN,"valid_domain_null":[],"train_domain_loss":6.247595310211182,"train_loss_diff":NaN,"valid_gesture_conf_mat":{"sha256":"116f65e7db814205ef9340271247b6ac7b1ee6dabc4c1ec03a9f30dd095d4f90","size":17689,"path":"media/plotly/valid_gesture_conf_mat_461_116f65e7db814205ef93.plotly.json","_type":"plotly-file"},"train_loss":1.6042782068252563,"valid_embed_gesture_f1":NaN,"train_null_loss":1.6042782068252563,"valid_bvp_null_loss":1.6530290842056274,"valid_null_domain_acc":0,"_timestamp":1.7473107338510828e+09,"valid_gesture_null":[],"valid_null_gesture_acc":0.3303571343421936,"train_embed_loss":NaN,"train_domain_null":[],"valid_null_domain_f1":0}