{"valid_embed_prec":NaN,"_wandb":{"runtime":481},"train_null_loss":1.8526467084884644,"train_elbo_loss":14665.6796875,"_timestamp":1.742220815894855e+09,"valid_embed_acc":NaN,"_step":2,"train_log_sigmas":{"_type":"histogram","values":[40,2,1,0,0,1,1,0,0,1,0,0,1,0,1,1,0,1,3,1,1,1,1,0,0,0,0,0,0,1,0,0,0,0,0,0,0,0,0,0,0,0,1,0,0,0,0,0,0,0,0,0,0,0,0,0,0,0,0,0,0,0,0,1],"bins":[-0.05218268185853958,0.05762602388858795,0.16743473708629608,0.277243435382843,0.38705214858055115,0.4968608617782593,0.606669545173645,0.7164782881736755,0.8262869715690613,0.936095654964447,1.0459043979644775,1.1557130813598633,1.265521764755249,1.3753304481506348,1.48513925075531,1.5949479341506958,1.7047566175460815,1.8145653009414673,1.924373984336853,2.0341827869415283,2.143991470336914,2.2538001537323,2.3636088371276855,2.4734175205230713,2.583226203918457,2.6930348873138428,2.8028435707092285,2.9126524925231934,3.022461175918579,3.132269859313965,3.2420785427093506,3.3518872261047363,3.461695909500122,3.571504592895508,3.6813132762908936,3.7911219596862793,3.900930643081665,4.010739326477051,4.120548248291016,4.230356693267822,4.340165615081787,4.449974060058594,4.559782981872559,4.669591903686523,4.77940034866333,4.889209270477295,4.999017715454102,5.108826637268066,5.218635082244873,5.328444004058838,5.4382524490356445,5.548061370849609,5.657869815826416,5.767678737640381,5.877487659454346,5.987296104431152,6.097105026245117,6.206913471221924,6.316722393035889,6.426530838012695,6.53633975982666,6.646148204803467,6.755957126617432,6.865765571594238,6.975574493408203]},"train_loss":1.8526467084884644,"_runtime":481.5435403,"valid_embed_f1":NaN,"valid_bvp":{"format":"png","count":3,"filenames":["media/images/valid_bvp_2_5b7e2f4d9ae94d271096.png","media/images/valid_bvp_2_6f4a71d693cf00bb4a1b.png","media/images/valid_bvp_2_06450b04f042984c9aff.png"],"_type":"images/separated","width":20,"height":20},"valid_bvp_null":{"filenames":["media/images/valid_bvp_null_2_d4a5953890521a251344.png","media/images/valid_bvp_null_2_1496f2f3878613d34572.png","media/images/valid_bvp_null_2_0cf9f2c94b08ed870110.png"],"_type":"images/separated","width":20,"height":20,"format":"png","count":3},"valid_elbo_loss":0.492249329884847,"valid_null_f1":0.1979166716337204,"valid_null_acc":0.1979166716337204,"train_embed_loss":NaN,"valid_bvp_embed_loss":NaN,"valid_null_prec":0.1979166716337204,"train_mus":{"_type":"histogram","values":[34,1,1,0,2,1,1,1,1,2,1,1,0,1,1,0,0,0,2,0,0,0,1,0,0,2,0,1,0,2,0,0,0,0,0,1,0,0,1,0,0,0,0,0,0,0,0,0,0,0,0,0,0,0,0,0,1,0,0,0,0,0,0,1],"bins":[-0.028517436236143112,0.04046738147735596,0.10945219546556473,0.1784370094537735,0.24742183089256287,0.31640663743019104,0.3853914737701416,0.4543762803077698,0.523361086845398,0.5923458933830261,0.6613307595252991,0.7303155660629272,0.7993003726005554,0.8682851791381836,0.9372699856758118,1.00625479221344,1.075239658355713,1.1442244052886963,1.2132092714309692,1.2821941375732422,1.3511788845062256,1.4201637506484985,1.489148497581482,1.5581333637237549,1.6271182298660278,1.6961029767990112,1.7650878429412842,1.8340725898742676,1.9030574560165405,1.972042202949524,2.041027069091797,2.1100118160247803,2.1789968013763428,2.247981548309326,2.3169662952423096,2.385951042175293,2.4549360275268555,2.523920774459839,2.5929055213928223,2.6618905067443848,2.730875253677368,2.7998600006103516,2.868844985961914,2.9378297328948975,3.006814479827881,3.0757992267608643,3.1447842121124268,3.21376895904541,3.2827537059783936,3.351738691329956,3.4207234382629395,3.489708185195923,3.5586929321289062,3.6276779174804688,3.696662664413452,3.7656474113464355,3.834632396697998,3.9036171436309814,3.972601890563965,4.041586875915527,4.110571384429932,4.179556369781494,4.248541355133057,4.317525863647461,4.386510848999023]},"train_bvp_null":{"count":3,"filenames":["media/images/train_bvp_null_0_d24c4936c1d9c27a7187.png","media/images/train_bvp_null_0_45ce63a54ea38708b98f.png","media/images/train_bvp_null_0_db28bf3fab79dc7fc499.png"],"_type":"images/separated","width":20,"height":20,"format":"png"},"valid_joint_loss":2.2764265537261963,"train_bvp":{"height":20,"format":"png","count":3,"filenames":["media/images/train_bvp_0_b6fccac344813bbd1ed6.png","media/images/train_bvp_0_597872e2767af5d90f28.png","media/images/train_bvp_0_7a5da96c46005078d556.png"],"_type":"images/separated","width":20},"train_loss_diff":NaN,"valid_bvp_null_loss":1.7841772238413494,"valid_null_conf_mat":{"_type":"image-file","sha256":"fd837c59fc3cd6df5f6f62c72678d110a526eb3e56bce81effef5cbdb4c0ba3f","size":5990,"path":"media/images/valid_null_conf_mat_2_fd837c59fc3cd6df5f6f.png","format":"png","width":640,"height":480}}