{"_timestamp":1.7505977173119214e+09,"_wandb":{"runtime":1286},"_step":369,"train_domain_embed":[],"valid_domain_loss":3.20817164012364,"train_domain_loss":3.225635290145874,"valid_bvp_embed_loss":1.6748417956488473,"train_loss_diff":0.007294297218322754,"_runtime":1286.7776181,"train_loss":1.7130694389343262,"valid_null_domain_f1":0.0535714291036129,"valid_joint_loss":6.558425154004778,"valid_null_gesture_acc":0.3482142984867096,"valid_bvp_null_loss":1.6754117182322912,"valid_embed_domain_f1":0.0535714291036129,"valid_embed_gesture_f1":0.3303571343421936,"train_null_loss":1.7094223499298096,"valid_null_gesture_f1":0.3482142984867096,"train_embed_loss":1.7167166471481323,"train_gesture_embed":[],"valid_embed_gesture_acc":0.3303571343421936,"valid_null_domain_acc":0.0535714291036129,"train_gesture_null":[],"valid_embed_domain_acc":0.0535714291036129,"train_domain_null":[]}