{"valid_domain_null":[],"valid_embed_domain_acc":NaN,"valid_null_domain_f1":0.7767857313156128,"valid_null_domain_acc":0.7767857313156128,"valid_gesture_null":[],"_wandb":{"runtime":478},"valid_joint_loss":5.0038013232073615,"train_domain_null":[],"valid_embed_gesture_acc":NaN,"valid_bvp_embed_loss":NaN,"train_domain_loss":5.317657947540283,"valid_domain_conf_mat":{"sha256":"db824a41be27eda30b9430e814422094aef141e39e785c8c8c989581320dd9af","size":15074,"path":"media/plotly/valid_domain_conf_mat_329_db824a41be27eda30b94.plotly.json","_type":"plotly-file"},"train_loss":1.6837424039840698,"train_embed_loss":NaN,"train_null_loss":1.6837424039840698,"valid_embed_domain_f1":NaN,"valid_embed_gesture_f1":NaN,"valid_null_gesture_f1":0.4464285671710968,"train_loss_diff":NaN,"valid_gesture_conf_mat":{"sha256":"fffb7e7f8ad2137f87d87e1de7a932af7f5a3b157b8406a2c40afa7d37aeabab","size":17691,"path":"media/plotly/valid_gesture_conf_mat_329_fffb7e7f8ad2137f87d8.plotly.json","_type":"plotly-file"},"_timestamp":1.7473895545870261e+09,"valid_domain_loss":3.3667490256151984,"train_gesture_null":[],"valid_bvp_null_loss":1.637052297592163,"valid_null_gesture_acc":0.4464285671710968,"_step":362,"_runtime":478.1538388}