{"valid_embed_conf_mat":{"path":"media/images/valid_embed_conf_mat_349_93f39922db406a149828.png","format":"png","width":640,"height":480,"_type":"image-file","sha256":"93f39922db406a1498286d586ceafcf53295c3e3179a56e6e646bead948bef45","size":6114},"train_embed_loss":1.4651968479156494,"valid_null_f1":0.2589285671710968,"train_loss":1.5069376230239868,"valid_bvp_null":{"width":20,"height":20,"format":"png","count":3,"filenames":["media/images/valid_bvp_null_349_9440a27f6b029e6c1de7.png","media/images/valid_bvp_null_349_4208f269b878e17def3f.png","media/images/valid_bvp_null_349_c07ee108bedad0406800.png"],"_type":"images/separated"},"valid_bvp_embed_loss":1.7385348762784685,"train_bvp_null":{"height":20,"format":"png","count":3,"filenames":["media/images/train_bvp_null_342_f13d9aa8f36a66668f2f.png","media/images/train_bvp_null_342_3a9c8ab5b4c3a0d579bf.png","media/images/train_bvp_null_342_c38310ae612a95eb490d.png"],"_type":"images/separated","width":20},"train_elbo_loss":0.02167677693068981,"train_bvp":{"_type":"images/separated","width":20,"height":20,"format":"png","count":3,"filenames":["media/images/train_bvp_342_b60a80db154ba1f7096a.png","media/images/train_bvp_342_ac6a99c36f06e2adf76e.png","media/images/train_bvp_342_2010865d4a1a6789bd87.png"]},"valid_null_acc":0.2589285671710968,"_wandb":{"runtime":4337},"train_loss_diff":-0.0834815502166748,"valid_joint_loss":3.495725882638778,"valid_bvp_null_loss":1.735871366092137,"valid_null_prec":0.2589285671710968,"_step":349,"train_bvp_embed":{"filenames":["media/images/train_bvp_embed_342_c17bf41f6e24bda64edc.png","media/images/train_bvp_embed_342_738b929db03cfc819000.png","media/images/train_bvp_embed_342_33c75aa85c8d7f32d1e0.png"],"_type":"images/separated","width":20,"height":20,"format":"png","count":3},"_timestamp":1.7452274858992448e+09,"valid_embed_acc":0.2321428507566452,"_runtime":4337.1106645,"valid_embed_f1":0.2321428507566452,"valid_bvp_embed":{"filenames":["media/images/valid_bvp_embed_349_8fae0f4a89732e4820d8.png","media/images/valid_bvp_embed_349_c02d2a05a73b4b595b65.png","media/images/valid_bvp_embed_349_6040b758eb4aa5f19a21.png"],"_type":"images/separated","width":20,"height":20,"format":"png","count":3},"valid_elbo_loss":0.021319640268172537,"valid_null_conf_mat":{"sha256":"2c73d8b889901f9de99841e4b2a9c8b2f70be14e8bc2ec52dc592ecc725ed2e8","size":6133,"path":"media/images/valid_null_conf_mat_349_2c73d8b889901f9de998.png","format":"png","width":640,"height":480,"_type":"image-file"},"valid_embed_prec":0.2321428507566452,"train_null_loss":1.5486783981323242,"valid_bvp":{"format":"png","count":3,"filenames":["media/images/valid_bvp_349_d07013551178bc12f03d.png","media/images/valid_bvp_349_61d330c70c648dcc5fde.png","media/images/valid_bvp_349_72697e6d137750443323.png"],"_type":"images/separated","width":20,"height":20}}