{"valid_embed_domain_f1":0.01785714365541935,"valid_bvp_embed_loss":1.6383685043879919,"train_null_loss":1.6500319242477417,"train_gesture_embed":[],"valid_null_gesture_acc":0.375,"valid_embed_gesture_acc":0.375,"_step":739,"_timestamp":1.7505841507460682e+09,"train_loss_diff":0.0647352933883667,"valid_domain_loss":3.256453037261963,"train_embed_loss":1.7147672176361084,"_wandb":{"runtime":1881},"train_domain_null":[],"valid_null_gesture_f1":0.375,"valid_null_domain_acc":0.02678571455180645,"valid_null_domain_f1":0.02678571455180645,"valid_embed_domain_acc":0.01785714365541935,"valid_joint_loss":6.539121150970459,"valid_embed_gesture_f1":0.375,"train_loss":1.6823995113372803,"train_domain_embed":[],"train_gesture_null":[],"train_domain_loss":3.20637845993042,"_runtime":1881.9487309,"valid_bvp_null_loss":1.6442996093205042}