{"valid_embed_acc":0.2321428507566452,"train_elbo_loss":0.017541663721203804,"valid_embed_f1":0.2321428507566452,"train_bvp_embed":{"_type":"images/separated","width":20,"height":20,"format":"png","count":3,"filenames":["media/images/train_bvp_embed_342_4c0a1ff788a138e66b19.png","media/images/train_bvp_embed_342_8c60ea27bb93ca240423.png","media/images/train_bvp_embed_342_f55376d188139abf62a3.png"]},"train_null_loss":1.516177773475647,"_wandb":{"runtime":4319},"train_loss":1.4832344055175781,"valid_null_prec":0.25,"train_loss_diff":-0.0658867359161377,"valid_null_f1":0.25,"valid_embed_prec":0.2321428507566452,"valid_null_conf_mat":{"width":640,"height":480,"_type":"image-file","sha256":"c6b33d8f5f012eea15b3a40157eda031be044b75f4773ed488c5db93270d423a","size":6150,"path":"media/images/valid_null_conf_mat_349_c6b33d8f5f012eea15b3.png","format":"png"},"valid_embed_conf_mat":{"path":"media/images/valid_embed_conf_mat_349_16f45fadc69bc8f16f2c.png","format":"png","width":640,"height":480,"_type":"image-file","sha256":"16f45fadc69bc8f16f2cfd7203ea8183ea1f09d476f76aa59b086710fc236f21","size":6148},"train_bvp_null":{"height":20,"format":"png","count":3,"filenames":["media/images/train_bvp_null_342_94b3c5e3006871cc840c.png","media/images/train_bvp_null_342_d7fdafb3ac4be91f79a7.png","media/images/train_bvp_null_342_1683fc951081eaa24fbc.png"],"_type":"images/separated","width":20},"_runtime":4319.7230967,"valid_bvp_null":{"format":"png","count":3,"filenames":["media/images/valid_bvp_null_349_f61ca0ed33ca7d8dba2d.png","media/images/valid_bvp_null_349_9785b7ad8d4a08e467f7.png","media/images/valid_bvp_null_349_a38f47a16f2f2d40a908.png"],"_type":"images/separated","width":20,"height":20},"train_bvp":{"count":3,"filenames":["media/images/train_bvp_342_fff46c23870745eda31a.png","media/images/train_bvp_342_6216546927012c5f9270.png","media/images/train_bvp_342_cc6955041844c9d8518f.png"],"_type":"images/separated","width":20,"height":20,"format":"png"},"valid_bvp_null_loss":1.7476400647844588,"valid_joint_loss":3.515628606347101,"valid_bvp":{"count":3,"filenames":["media/images/valid_bvp_349_d07013551178bc12f03d.png","media/images/valid_bvp_349_61d330c70c648dcc5fde.png","media/images/valid_bvp_349_72697e6d137750443323.png"],"_type":"images/separated","width":20,"height":20,"format":"png"},"_timestamp":1.7449086665133924e+09,"train_embed_loss":1.4502910375595093,"_step":349,"valid_elbo_loss":0.020537730040294782,"valid_bvp_embed":{"format":"png","count":3,"filenames":["media/images/valid_bvp_embed_349_7fec0da0891e9ef0b2ad.png","media/images/valid_bvp_embed_349_e879ccc23cab73b8b76c.png","media/images/valid_bvp_embed_349_01c29f35bac967c4d18b.png"],"_type":"images/separated","width":20,"height":20},"valid_null_acc":0.25,"valid_bvp_embed_loss":1.7474508115223475}