{"valid_embed_gesture_f1":NaN,"train_null_loss":1.7058576345443726,"valid_domain_conf_mat":{"_type":"plotly-file","sha256":"23ac88ed486703bf219d33bdd6d84a769958c83b99ba10d3f7a16803d3877fd4","size":17691,"path":"media/plotly/valid_domain_conf_mat_395_23ac88ed486703bf219d.plotly.json"},"valid_null_domain_f1":0,"train_loss":1.7058576345443726,"valid_bvp_null_loss":1.65999436378479,"valid_gesture_null":[],"valid_gesture_conf_mat":{"_type":"plotly-file","sha256":"51beaae4b124cc070bd4f9cd86b32194d90454ebb8e6c4c1fdd38a7607938605","size":17689,"path":"media/plotly/valid_gesture_conf_mat_395_51beaae4b124cc070bd4.plotly.json"},"valid_null_gesture_acc":0.2857142984867096,"valid_domain_null":[],"valid_embed_domain_acc":NaN,"valid_embed_domain_f1":NaN,"train_gesture_null":[],"valid_joint_loss":46.337764160973684,"train_embed_loss":NaN,"_timestamp":1.747385566400931e+09,"valid_embed_gesture_acc":NaN,"_wandb":{"runtime":611},"train_domain_loss":7.506258010864258,"valid_null_gesture_f1":0.2857142984867096,"valid_bvp_embed_loss":NaN,"train_domain_null":[],"train_loss_diff":NaN,"_step":428,"valid_null_domain_acc":0,"valid_domain_loss":44.677769797188894,"_runtime":611.2998259}