{"train_embed_loss":1.472670316696167,"train_null_loss":1.5564687252044678,"valid_joint_loss":3.549758819597108,"valid_bvp_null":{"count":3,"filenames":["media/images/valid_bvp_null_349_04eaa4b0cbd11c601114.png","media/images/valid_bvp_null_349_8f2b51ae8626173849da.png","media/images/valid_bvp_null_349_2f49c69860e6ea542644.png"],"_type":"images/separated","width":20,"height":20,"format":"png"},"train_loss":1.5145695209503174,"valid_bvp_embed_loss":1.7626725775854928,"train_elbo_loss":0.018256720155477524,"train_bvp":{"height":20,"format":"png","count":3,"filenames":["media/images/train_bvp_342_3c77e75f5df2ed99f0b6.png","media/images/train_bvp_342_7011cc9b4c4f9e103f4a.png","media/images/train_bvp_342_7a5da96c46005078d556.png"],"_type":"images/separated","width":20},"_wandb":{"runtime":6760},"valid_elbo_loss":0.020828717521258762,"valid_embed_f1":0.2410714328289032,"valid_null_acc":0.2410714328289032,"valid_embed_prec":0.2410714328289032,"_timestamp":1.7453179534365244e+09,"valid_embed_acc":0.2410714328289032,"_runtime":6760.9277383,"train_loss_diff":-0.08379840850830078,"valid_null_prec":0.2410714328289032,"valid_embed_conf_mat":{"size":6080,"path":"media/images/valid_embed_conf_mat_349_95136e3e75cffe9b87f9.png","format":"png","width":640,"height":480,"_type":"image-file","sha256":"95136e3e75cffe9b87f9f751b0db2b67e87719e589bcf89528ed27496e63a24e"},"train_bvp_null":{"format":"png","count":3,"filenames":["media/images/train_bvp_null_342_3c4144ef2cbb8ee1fe88.png","media/images/train_bvp_null_342_76edeb671365131cbc5c.png","media/images/train_bvp_null_342_930a7e290042642e3088.png"],"_type":"images/separated","width":20,"height":20},"valid_null_f1":0.2410714328289032,"valid_null_conf_mat":{"width":640,"height":480,"_type":"image-file","sha256":"24422b74501ddf9a1fed7802a311b438efcf9360ef0c75b162ae97fcf4db582d","size":6056,"path":"media/images/valid_null_conf_mat_349_24422b74501ddf9a1fed.png","format":"png"},"valid_bvp_embed":{"format":"png","count":3,"filenames":["media/images/valid_bvp_embed_349_e26f3cc8732a6a1e2747.png","media/images/valid_bvp_embed_349_d08a086486b2b4344603.png","media/images/valid_bvp_embed_349_78877e9352a5c90bb49d.png"],"_type":"images/separated","width":20,"height":20},"_step":349,"train_bvp_embed":{"height":20,"format":"png","count":3,"filenames":["media/images/train_bvp_embed_342_411b3666b899ce9ed32b.png","media/images/train_bvp_embed_342_ea55b1b259aaeb0132e0.png","media/images/train_bvp_embed_342_956502784d1e3c523016.png"],"_type":"images/separated","width":20},"valid_bvp_null_loss":1.7662575244903564,"valid_bvp":{"width":20,"height":20,"format":"png","count":3,"filenames":["media/images/valid_bvp_349_d07013551178bc12f03d.png","media/images/valid_bvp_349_61d330c70c648dcc5fde.png","media/images/valid_bvp_349_72697e6d137750443323.png"],"_type":"images/separated"}}