{"valid_bvp_embed":{"_type":"images/separated","width":20,"height":20,"format":"png","count":3,"filenames":["media/images/valid_bvp_embed_349_c0329b137fba186d561b.png","media/images/valid_bvp_embed_349_80e4bb7e5c8479560b5c.png","media/images/valid_bvp_embed_349_266eb65e672a326733a8.png"]},"_wandb":{"runtime":4566},"train_bvp_null":{"filenames":["media/images/train_bvp_null_342_0c396963ac3232bb2840.png","media/images/train_bvp_null_342_b15a2fbd394630288aa2.png","media/images/train_bvp_null_342_ff77e033834fda1bad24.png"],"_type":"images/separated","width":20,"height":20,"format":"png","count":3},"valid_bvp":{"filenames":["media/images/valid_bvp_349_d07013551178bc12f03d.png","media/images/valid_bvp_349_61d330c70c648dcc5fde.png","media/images/valid_bvp_349_72697e6d137750443323.png"],"_type":"images/separated","width":20,"height":20,"format":"png","count":3},"train_bvp":{"width":20,"height":20,"format":"png","count":3,"filenames":["media/images/train_bvp_342_c95394acf09709d1f44d.png","media/images/train_bvp_342_597872e2767af5d90f28.png","media/images/train_bvp_342_728296b8651e4d8d728c.png"],"_type":"images/separated"},"_step":349,"valid_null_conf_mat":{"size":6172,"path":"media/images/valid_null_conf_mat_349_f6f966b4688db393fde1.png","format":"png","width":640,"height":480,"_type":"image-file","sha256":"f6f966b4688db393fde169c36d7b04eb68a8991e82354859716aec4a38d071ca"},"valid_bvp_null_loss":1.7648186343056815,"valid_embed_f1":0.2142857164144516,"valid_bvp_null":{"format":"png","count":3,"filenames":["media/images/valid_bvp_null_349_1e341b1ba8238c20da29.png","media/images/valid_bvp_null_349_59cf08e23233f246471c.png","media/images/valid_bvp_null_349_6397d4b47988bfa10ec4.png"],"_type":"images/separated","width":20,"height":20},"valid_elbo_loss":0.02023823745548725,"valid_null_f1":0.2142857164144516,"train_elbo_loss":0.016561118885874748,"_runtime":4566.4400664,"_timestamp":1.7452331431593416e+09,"train_bvp_embed":{"height":20,"format":"png","count":3,"filenames":["media/images/train_bvp_embed_342_ff0df1db20d5ddbfff93.png","media/images/train_bvp_embed_342_af197159539b7e5ecf6b.png","media/images/train_bvp_embed_342_d4ac0aafb049b4768e56.png"],"_type":"images/separated","width":20},"valid_null_acc":0.2142857164144516,"valid_embed_prec":0.2142857164144516,"train_loss":1.4185874462127686,"valid_bvp_embed_loss":1.7702271427427019,"valid_null_prec":0.2142857164144516,"valid_joint_loss":3.555284014503871,"train_embed_loss":1.423661708831787,"train_loss_diff":0.01014852523803711,"valid_embed_acc":0.2142857164144516,"valid_embed_conf_mat":{"_type":"image-file","sha256":"f6f966b4688db393fde169c36d7b04eb68a8991e82354859716aec4a38d071ca","size":6172,"path":"media/images/valid_embed_conf_mat_349_f6f966b4688db393fde1.png","format":"png","width":640,"height":480},"train_null_loss":1.41351318359375}