{"valid_null_f1":0.24166665971279144,"valid_bvp_null":{"_type":"images/separated","width":20,"height":20,"format":"png","count":3,"filenames":["media/images/valid_bvp_null_1849_20a72dcb1a1c6aeb45a9.png","media/images/valid_bvp_null_1849_7a29a24275d296fb31b8.png","media/images/valid_bvp_null_1849_5a08f79da7450b799237.png"]},"train_bvp_null":{"count":3,"filenames":["media/images/train_bvp_null_1812_01042ef59a9ad0ce36ed.png","media/images/train_bvp_null_1812_06a29c8f0ee008d52169.png","media/images/train_bvp_null_1812_515a28517da8eb295077.png"],"_type":"images/separated","width":20,"height":20,"format":"png"},"valid_embed_f1":0.23333333432674408,"_timestamp":1.7492330677544827e+09,"valid_bvp_embed_loss":1.7778217951456705,"valid_null_acc":0.24166665971279144,"train_loss":1.5812902450561523,"train_loss_diff":-0.18376123905181885,"train_bvp":{"format":"png","count":3,"filenames":["media/images/train_bvp_1812_d0f4acdfa3b8ca4aa20a.png","media/images/train_bvp_1812_18b0ae7b9fc01e80c243.png","media/images/train_bvp_1812_ec337a79deac1ff02fa1.png"],"_type":"images/separated","width":20,"height":20},"_step":1849,"valid_embed_conf_mat":{"height":480,"_type":"image-file","sha256":"96e321dd3e191348409ad16b66f7988d8c5e4f5244486ec92edd2ad406f28b93","size":6014,"path":"media/images/valid_embed_conf_mat_1849_96e321dd3e191348409a.png","format":"png","width":640},"valid_bvp_null_loss":1.7781895399093628,"train_bvp_embed":{"format":"png","count":3,"filenames":["media/images/train_bvp_embed_1812_acbf2f63c9947426f0bf.png","media/images/train_bvp_embed_1812_e6d05901b7a1727f0601.png","media/images/train_bvp_embed_1812_10a9b9c5b2918fc83431.png"],"_type":"images/separated","width":20,"height":20},"_wandb":{"runtime":8353},"valid_joint_loss":3.575281552101175,"valid_bvp":{"height":20,"format":"png","count":3,"filenames":["media/images/valid_bvp_1849_5f56b45b12637a10ae1b.png","media/images/valid_bvp_1849_2196de04f1d7bc4db2aa.png","media/images/valid_bvp_1849_15470b70a41c29d5816f.png"],"_type":"images/separated","width":20},"valid_embed_acc":0.23333333432674408,"valid_null_conf_mat":{"width":640,"height":480,"_type":"image-file","sha256":"adab9607e0ee16815cdc5f9f805cd4308bd56d806c7a18b27e608a9756c5e009","size":6049,"path":"media/images/valid_null_conf_mat_1849_adab9607e0ee16815cdc.png","format":"png"},"train_embed_loss":1.4894095659255981,"train_null_loss":1.673170804977417,"train_elbo_loss":0.01631077006459236,"valid_bvp_embed":{"filenames":["media/images/valid_bvp_embed_1849_53e4abf6bb10f7242174.png","media/images/valid_bvp_embed_1849_fcee0d50ac938c226a64.png","media/images/valid_bvp_embed_1849_1b9627b275b3ac6572aa.png"],"_type":"images/separated","width":20,"height":20,"format":"png","count":3},"valid_embed_prec":0.23333333432674408,"valid_null_prec":0.24166665971279144,"_runtime":8353.6637422,"valid_elbo_loss":0.019270217046141624}