{"valid_joint_loss":3.3812414817512035,"train_loss_diff":0.024894118309020996,"train_loss":1.4030508995056152,"valid_elbo_loss":0.01982512484703745,"_runtime":4172.4201422,"valid_bvp_null_loss":1.6816977262496948,"train_bvp":{"width":20,"height":20,"format":"png","count":3,"filenames":["media/images/train_bvp_1616_87c0e143f1423429056b.png","media/images/train_bvp_1616_333d0b872786372b96c5.png","media/images/train_bvp_1616_d775dde0e956ca1003fc.png"],"_type":"images/separated"},"valid_embed_conf_mat":{"sha256":"432c0077fa49aeb1509cdcce4d7814c1166e9a298c8fa6e8f5686f0a6a5bd349","size":6055,"path":"media/images/valid_embed_conf_mat_1649_432c0077fa49aeb1509c.png","format":"png","width":640,"height":480,"_type":"image-file"},"_step":1649,"valid_bvp_embed_loss":1.6797186306544714,"_timestamp":1.747227234189535e+09,"_wandb":{"runtime":4172},"train_elbo_loss":0.018377505242824554,"valid_bvp_embed":{"format":"png","count":3,"filenames":["media/images/valid_bvp_embed_1649_df08b74654c7be0d7b32.png","media/images/valid_bvp_embed_1649_227f83cdbb8b85ea43fa.png","media/images/valid_bvp_embed_1649_1903fcea41725ec462a4.png"],"_type":"images/separated","width":20,"height":20},"valid_embed_prec":0.3125,"train_embed_loss":1.4154980182647705,"valid_null_conf_mat":{"size":6055,"path":"media/images/valid_null_conf_mat_1649_eb039ae8532ffd60ef16.png","format":"png","width":640,"height":480,"_type":"image-file","sha256":"eb039ae8532ffd60ef16a5ae385cfeb6dc7de6121e78fa292bca78d7ad2db42a"},"valid_null_prec":0.3035714328289032,"valid_bvp":{"count":3,"filenames":["media/images/valid_bvp_1649_d07013551178bc12f03d.png","media/images/valid_bvp_1649_61d330c70c648dcc5fde.png","media/images/valid_bvp_1649_72697e6d137750443323.png"],"_type":"images/separated","width":20,"height":20,"format":"png"},"train_bvp_embed":{"format":"png","count":3,"filenames":["media/images/train_bvp_embed_1616_c2f05000bce7c0c54075.png","media/images/train_bvp_embed_1616_3267600932fe4154bf51.png","media/images/train_bvp_embed_1616_e3e9454671c44dbc8717.png"],"_type":"images/separated","width":20,"height":20},"train_bvp_null":{"filenames":["media/images/train_bvp_null_1616_68864203808dc3698f4c.png","media/images/train_bvp_null_1616_10c67db2ad40ec2ba7c4.png","media/images/train_bvp_null_1616_badb16c7f0c20e1400a6.png"],"_type":"images/separated","width":20,"height":20,"format":"png","count":3},"valid_null_f1":0.3035714328289032,"train_null_loss":1.3906038999557495,"valid_null_acc":0.3035714328289032,"valid_embed_acc":0.3125,"valid_bvp_null":{"height":20,"format":"png","count":3,"filenames":["media/images/valid_bvp_null_1649_10f3e32be3b18e898eae.png","media/images/valid_bvp_null_1649_4e7eb1a25003881f1e91.png","media/images/valid_bvp_null_1649_58c580da1d37a82c7734.png"],"_type":"images/separated","width":20},"valid_embed_f1":0.3125}