{"valid_joint_loss":3.4964405290250267,"valid_embed_f1":0.2678571343421936,"_runtime":2834.3288269,"train_embed_loss":1.427529215812683,"train_bvp_embed":{"count":3,"filenames":["media/images/train_bvp_embed_293_c69ef4a3ef8e4afdc4b9.png","media/images/train_bvp_embed_293_932bf2237e1a5ab8453b.png","media/images/train_bvp_embed_293_ac3f4f358d2c589a4781.png"],"_type":"images/separated","width":20,"height":20,"format":"png"},"valid_bvp_null":{"count":3,"filenames":["media/images/valid_bvp_null_299_0e44720020f817a58392.png","media/images/valid_bvp_null_299_7f43cb3766c41d90067d.png","media/images/valid_bvp_null_299_7f5877de5c62d578372d.png"],"_type":"images/separated","width":20,"height":20,"format":"png"},"valid_embed_acc":0.2678571343421936,"valid_null_f1":0.2678571343421936,"valid_bvp_embed_loss":1.7383705377578735,"train_bvp_null":{"format":"png","count":3,"filenames":["media/images/train_bvp_null_293_e44be207853cfc7ceda6.png","media/images/train_bvp_null_293_5e6d2bb33286d5bfaefc.png","media/images/train_bvp_null_293_44ca4188d21e73c71f6f.png"],"_type":"images/separated","width":20,"height":20},"valid_bvp":{"filenames":["media/images/valid_bvp_299_d07013551178bc12f03d.png","media/images/valid_bvp_299_61d330c70c648dcc5fde.png","media/images/valid_bvp_299_72697e6d137750443323.png"],"_type":"images/separated","width":20,"height":20,"format":"png","count":3},"_timestamp":1.7467847285241165e+09,"train_loss_diff":-0.01212930679321289,"valid_embed_conf_mat":{"format":"png","width":640,"height":480,"_type":"image-file","sha256":"01e28348cd960e4b114dae1a38f2311abd81ded0241c0e83f692a9de114d6e76","size":6064,"path":"media/images/valid_embed_conf_mat_299_01e28348cd960e4b114d.png"},"valid_embed_prec":0.2678571343421936,"valid_null_conf_mat":{"width":640,"height":480,"_type":"image-file","sha256":"01e28348cd960e4b114dae1a38f2311abd81ded0241c0e83f692a9de114d6e76","size":6064,"path":"media/images/valid_null_conf_mat_299_01e28348cd960e4b114d.png","format":"png"},"train_null_loss":1.439658522605896,"train_elbo_loss":0.0180570837110281,"valid_bvp_null_loss":1.7377171005521501,"valid_null_prec":0.2678571343421936,"valid_null_acc":0.2678571343421936,"_step":299,"train_loss":1.4335938692092896,"_wandb":{"runtime":2834},"valid_elbo_loss":0.020352890715003014,"train_bvp":{"_type":"images/separated","width":20,"height":20,"format":"png","count":3,"filenames":["media/images/train_bvp_293_4a719f592fb6e3c3f6dc.png","media/images/train_bvp_293_e4d01cb3a1e6c04bd0ff.png","media/images/train_bvp_293_333d0b872786372b96c5.png"]},"valid_bvp_embed":{"count":3,"filenames":["media/images/valid_bvp_embed_299_90bb903d9958ea2a7623.png","media/images/valid_bvp_embed_299_67064f6a9d6ec9f7a510.png","media/images/valid_bvp_embed_299_f43f9c74b7e85531783f.png"],"_type":"images/separated","width":20,"height":20,"format":"png"}}