{"_timestamp":1.745409938933543e+09,"_step":6,"_wandb":{"runtime":6},"train_domain_loss":3.541411876678467,"train_embed_loss":NaN,"train_loss":1.779746651649475,"train_loss_diff":NaN,"train_null_loss":1.779746651649475,"_runtime":6.0201785}