{"train_loss_diff":NaN,"train_embed_loss":NaN,"_timestamp":1.747484792530345e+09,"train_domain_null":[],"valid_bvp_embed_loss":NaN,"valid_embed_gesture_f1":NaN,"valid_null_domain_acc":0.0535714291036129,"valid_embed_domain_f1":NaN,"train_loss":1.750589370727539,"valid_domain_null":[],"_wandb":{"runtime":652},"valid_embed_domain_acc":NaN,"_step":494,"valid_bvp_null_loss":1.6452032157352992,"train_domain_loss":8.028916358947754,"valid_null_gesture_f1":0.3392857015132904,"_runtime":652.1597888,"valid_null_domain_f1":0.0535714291036129,"valid_domain_conf_mat":{"_type":"plotly-file","sha256":"6f7b6ab04af41dcd5afda831feefad2cea1dd9fb1f1c1e8bd80d605f01c515d4","size":15075,"path":"media/plotly/valid_domain_conf_mat_494_6f7b6ab04af41dcd5afd.plotly.json"},"train_null_loss":1.750589370727539,"train_gesture_null":[],"valid_gesture_null":[],"valid_null_gesture_acc":0.3392857015132904,"valid_joint_loss":5.601247242518833,"valid_embed_gesture_acc":NaN,"valid_domain_loss":3.9560440267835344,"valid_gesture_conf_mat":{"_type":"plotly-file","sha256":"df8384fac288c02f6a7d31cf2ae655f69b5afcff6b05cf95785246ee42a8610b","size":17691,"path":"media/plotly/valid_gesture_conf_mat_494_df8384fac288c02f6a7d.plotly.json"}}