{"valid_null_conf_mat":{"height":480,"_type":"image-file","sha256":"60ca6c8fdf1d96293ad88660d7630f168957869641703c9cab39ed89c618f0d8","size":6139,"path":"media/images/valid_null_conf_mat_1849_60ca6c8fdf1d96293ad8.png","format":"png","width":640},"valid_null_acc":0.375,"valid_embed_f1":0.375,"valid_embed_prec":0.375,"valid_bvp":{"width":20,"height":20,"format":"png","count":3,"filenames":["media/images/valid_bvp_1849_d07013551178bc12f03d.png","media/images/valid_bvp_1849_61d330c70c648dcc5fde.png","media/images/valid_bvp_1849_72697e6d137750443323.png"],"_type":"images/separated"},"train_null_loss":1.400286316871643,"valid_null_f1":0.375,"valid_bvp_null_loss":1.6739763532366072,"train_bvp":{"width":20,"height":20,"format":"png","count":3,"filenames":["media/images/train_bvp_1812_ba50f67428e89f8da6eb.png","media/images/train_bvp_1812_1a09763cfa2bfa7dd903.png","media/images/train_bvp_1812_033558d4587f85734833.png"],"_type":"images/separated"},"valid_null_prec":0.375,"valid_elbo_loss":0.01979632462774004,"_step":1849,"valid_embed_conf_mat":{"size":6136,"path":"media/images/valid_embed_conf_mat_1849_abf6fd586e31d81e31bb.png","format":"png","width":640,"height":480,"_type":"image-file","sha256":"abf6fd586e31d81e31bb11ed88625903a00b0dd1e6d24463845a10fb3003bca5"},"valid_embed_acc":0.375,"valid_bvp_embed_loss":1.6753292083740234,"train_loss_diff":0.033509254455566406,"train_bvp_embed":{"count":3,"filenames":["media/images/train_bvp_embed_1812_37f55e775a56ce448430.png","media/images/train_bvp_embed_1812_65e25e75e090a6fa9b19.png","media/images/train_bvp_embed_1812_c5d7280c79e96711fed6.png"],"_type":"images/separated","width":20,"height":20,"format":"png"},"train_elbo_loss":0.018947314471006393,"valid_bvp_embed":{"_type":"images/separated","width":20,"height":20,"format":"png","count":3,"filenames":["media/images/valid_bvp_embed_1849_6f86419d6bf58ccad831.png","media/images/valid_bvp_embed_1849_b695c061bda1e71910bd.png","media/images/valid_bvp_embed_1849_d1339f9ef8b459c93a31.png"]},"train_loss":1.4170409440994263,"train_bvp_null":{"width":20,"height":20,"format":"png","count":3,"filenames":["media/images/train_bvp_null_1812_591b29dc324c26b36c1f.png","media/images/train_bvp_null_1812_755e3c679f14a9a3a509.png","media/images/train_bvp_null_1812_611e56f1c3397e384f5b.png"],"_type":"images/separated"},"_wandb":{"runtime":6800},"valid_joint_loss":3.369101886238371,"_timestamp":1.7480788615020983e+09,"train_embed_loss":1.4337955713272095,"_runtime":6800.1798675,"valid_bvp_null":{"_type":"images/separated","width":20,"height":20,"format":"png","count":3,"filenames":["media/images/valid_bvp_null_1849_01e03c57b9245f7da357.png","media/images/valid_bvp_null_1849_949d781a57091c3a63ab.png","media/images/valid_bvp_null_1849_634086b6d20931b17fa7.png"]}}