{"valid_null_conf_mat":{"path":"media/images/valid_null_conf_mat_1849_2b77a708c592fdf411c1.png","format":"png","width":640,"height":480,"_type":"image-file","sha256":"2b77a708c592fdf411c1cae79394c687777014688a5e4adf874a66e9950d5ffa","size":6056},"train_null_loss":1.3120145797729492,"train_bvp_null":{"format":"png","count":3,"filenames":["media/images/train_bvp_null_1812_1a0767b4058c5d8e4264.png","media/images/train_bvp_null_1812_625e635bb147bb9b7648.png","media/images/train_bvp_null_1812_d6f26059ab6a2ea40350.png"],"_type":"images/separated","width":20,"height":20},"_step":1849,"valid_embed_f1":0.3660714328289032,"valid_null_prec":0.3839285671710968,"_wandb":{"runtime":6449},"train_elbo_loss":0.015863969922065735,"valid_null_acc":0.3839285671710968,"_timestamp":1.7480142441228576e+09,"train_loss_diff":-7.104873657226562e-05,"valid_bvp_null_loss":1.650351916040693,"valid_bvp_null":{"filenames":["media/images/valid_bvp_null_1849_8ee7629bef8c2c76fa8c.png","media/images/valid_bvp_null_1849_c54fd04ab0e29d4ec9ca.png","media/images/valid_bvp_null_1849_212774293af01ff43a85.png"],"_type":"images/separated","width":20,"height":20,"format":"png","count":3},"valid_null_f1":0.3839285671710968,"_runtime":6449.02663,"valid_bvp_embed":{"width":20,"height":20,"format":"png","count":3,"filenames":["media/images/valid_bvp_embed_1849_6de9acc2eecb581dc3ae.png","media/images/valid_bvp_embed_1849_8182132461e0e87b00db.png","media/images/valid_bvp_embed_1849_3d3c72312b8355e85f9b.png"],"_type":"images/separated"},"valid_embed_conf_mat":{"format":"png","width":640,"height":480,"_type":"image-file","sha256":"7d24faf99325c07b7b87755e86ec0051a2c1fa4e70e0ef16c07b062569400c87","size":6031,"path":"media/images/valid_embed_conf_mat_1849_7d24faf99325c07b7b87.png"},"valid_elbo_loss":0.0197842184986387,"train_bvp_embed":{"count":3,"filenames":["media/images/train_bvp_embed_1812_1abbdade9b81aba95a13.png","media/images/train_bvp_embed_1812_1abda29623ecd245d9af.png","media/images/train_bvp_embed_1812_8aa4688d42d5cd11208d.png"],"_type":"images/separated","width":20,"height":20,"format":"png"},"valid_bvp_embed_loss":1.6515073265348161,"valid_joint_loss":3.321643461074148,"train_bvp":{"format":"png","count":3,"filenames":["media/images/train_bvp_1812_524ec8bd990cf96a484c.png","media/images/train_bvp_1812_3b7c66731fdac08f58f5.png","media/images/train_bvp_1812_e4431d6a866ecf369837.png"],"_type":"images/separated","width":20,"height":20},"train_embed_loss":1.311943531036377,"valid_embed_acc":0.3660714328289032,"train_loss":1.311979055404663,"valid_embed_prec":0.3660714328289032,"valid_bvp":{"height":20,"format":"png","count":3,"filenames":["media/images/valid_bvp_1849_d07013551178bc12f03d.png","media/images/valid_bvp_1849_61d330c70c648dcc5fde.png","media/images/valid_bvp_1849_72697e6d137750443323.png"],"_type":"images/separated","width":20}}