{"train_bvp_null":{"width":20,"height":20,"format":"png","count":3,"filenames":["media/images/train_bvp_null_293_7aa4201ab430f389ac44.png","media/images/train_bvp_null_293_755ee3a71815ecba95ef.png","media/images/train_bvp_null_293_2c2ed70c5447409b4177.png"],"_type":"images/separated"},"_runtime":2284.0290973,"valid_null_f1":0.25,"train_null_loss":1.6445754766464233,"valid_null_conf_mat":{"path":"media/images/valid_null_conf_mat_299_105816383424916ac053.png","format":"png","width":640,"height":480,"_type":"image-file","sha256":"105816383424916ac0530a48a2286290267fc90d0ba7d2be51d50659a7ffb51a","size":6107},"valid_null_acc":0.25,"_timestamp":1.7467870214671474e+09,"train_embed_loss":1.6924861669540405,"train_elbo_loss":0.014935728162527084,"train_bvp_embed":{"_type":"images/separated","width":20,"height":20,"format":"png","count":3,"filenames":["media/images/train_bvp_embed_293_aa5efba5e0e7a24c9fe7.png","media/images/train_bvp_embed_293_6d376d52b457c7af610b.png","media/images/train_bvp_embed_293_e3ca044eda08f9b96a53.png"]},"valid_bvp":{"height":20,"format":"png","count":3,"filenames":["media/images/valid_bvp_299_d07013551178bc12f03d.png","media/images/valid_bvp_299_61d330c70c648dcc5fde.png","media/images/valid_bvp_299_72697e6d137750443323.png"],"_type":"images/separated","width":20},"valid_embed_prec":0.2767857015132904,"valid_joint_loss":3.4971822343234504,"valid_null_prec":0.25,"valid_elbo_loss":0.019751124350087985,"train_loss_diff":0.04791069030761719,"_wandb":{"runtime":2284},"train_bvp":{"format":"png","count":3,"filenames":["media/images/train_bvp_293_87c0e143f1423429056b.png","media/images/train_bvp_293_996fb5883d166c14084b.png","media/images/train_bvp_293_64bacacc0547959a2f90.png"],"_type":"images/separated","width":20,"height":20},"_step":299,"valid_embed_f1":0.2767857015132904,"valid_bvp_embed":{"_type":"images/separated","width":20,"height":20,"format":"png","count":3,"filenames":["media/images/valid_bvp_embed_299_08f8c322246c49bdf9f8.png","media/images/valid_bvp_embed_299_e0baa54dfbcfe038a030.png","media/images/valid_bvp_embed_299_b844f5eb3d5892088ae0.png"]},"valid_embed_conf_mat":{"width":640,"height":480,"_type":"image-file","sha256":"b7cee84e731e29b32adbd38ad14a7ce7cc1d597ab45816854ccc1e957771ba32","size":6074,"path":"media/images/valid_embed_conf_mat_299_b7cee84e731e29b32adb.png","format":"png"},"valid_embed_acc":0.2767857015132904,"train_loss":1.668530821800232,"valid_bvp_embed_loss":1.7302958113806588,"valid_bvp_null":{"height":20,"format":"png","count":3,"filenames":["media/images/valid_bvp_null_299_f366f42537b3896cb533.png","media/images/valid_bvp_null_299_267aeeebfdd94180733d.png","media/images/valid_bvp_null_299_d1b33385291ad4cf6513.png"],"_type":"images/separated","width":20},"valid_bvp_null_loss":1.7471352985927038}