{"_timestamp":1.7492146232573252e+09,"train_elbo_loss":0.01883276179432869,"valid_elbo_loss":0.01882817850758632,"train_bvp":{"filenames":["media/images/train_bvp_1812_cb216e900c793c393d91.png","media/images/train_bvp_1812_811f8d5cef63eb6cd46d.png","media/images/train_bvp_1812_6740511ec2bc4c002d70.png"],"_type":"images/separated","width":20,"height":20,"format":"png","count":3},"valid_embed_prec":0.3083333373069763,"_runtime":13132.6591887,"valid_joint_loss":3.4510967026775083,"valid_null_acc":0.30000001192092896,"train_null_loss":1.6561329364776611,"valid_null_prec":0.30000001192092896,"train_bvp_embed":{"format":"png","count":3,"filenames":["media/images/train_bvp_embed_1812_60b4ec7d2e086cb9ff97.png","media/images/train_bvp_embed_1812_e7ef8944a72a8610d225.png","media/images/train_bvp_embed_1812_e3c5e8974bd3cb71bed5.png"],"_type":"images/separated","width":20,"height":20},"_wandb":{"runtime":13132},"valid_bvp_embed":{"filenames":["media/images/valid_bvp_embed_1849_5893bcb9182aedfd7019.png","media/images/valid_bvp_embed_1849_7ce387007648fac0489d.png","media/images/valid_bvp_embed_1849_0319e2cc07d05b754dfa.png"],"_type":"images/separated","width":20,"height":20,"format":"png","count":3},"valid_bvp_null_loss":1.7167484521865846,"train_loss":1.5747591257095337,"_step":1849,"train_embed_loss":1.4933853149414062,"train_bvp_null":{"height":20,"format":"png","count":3,"filenames":["media/images/train_bvp_null_1812_a0185a3f4bc19434068d.png","media/images/train_bvp_null_1812_fcecb6b090283bd07fee.png","media/images/train_bvp_null_1812_1d18c2ba2f1b89599194.png"],"_type":"images/separated","width":20},"valid_null_conf_mat":{"size":6173,"path":"media/images/valid_null_conf_mat_1849_8583006d351df7db2f51.png","format":"png","width":640,"height":480,"_type":"image-file","sha256":"8583006d351df7db2f514cbf5d61eb54f7ee9e3f28d8426dc39c63782d76f859"},"valid_embed_f1":0.3083333373069763,"valid_bvp":{"format":"png","count":3,"filenames":["media/images/valid_bvp_1849_5f56b45b12637a10ae1b.png","media/images/valid_bvp_1849_2196de04f1d7bc4db2aa.png","media/images/valid_bvp_1849_15470b70a41c29d5816f.png"],"_type":"images/separated","width":20,"height":20},"valid_embed_conf_mat":{"sha256":"a56caedb9c8bf89bdf4ea8238b06f2a85da67e44aef2a32219efd7aa71226c57","size":6150,"path":"media/images/valid_embed_conf_mat_1849_a56caedb9c8bf89bdf4e.png","format":"png","width":640,"height":480,"_type":"image-file"},"train_loss_diff":-0.16274762153625488,"valid_embed_acc":0.3083333373069763,"valid_bvp_null":{"height":20,"format":"png","count":3,"filenames":["media/images/valid_bvp_null_1849_f495694a8c32a91f7401.png","media/images/valid_bvp_null_1849_e98e63be751347b9a618.png","media/images/valid_bvp_null_1849_f0de0abf09b33813f382.png"],"_type":"images/separated","width":20},"valid_null_f1":0.30000001192092896,"valid_bvp_embed_loss":1.7155200719833374}