{"valid_null_gesture_acc":0.3035714328289032,"valid_embed_gesture_acc":NaN,"valid_domain_conf_mat":{"size":38008,"path":"media/plotly/valid_domain_conf_mat_263_bddc3523e7527f1772a5.plotly.json","_type":"plotly-file","sha256":"bddc3523e7527f1772a5d1364590f7c94aa6c448adfd9fc33ec8f28b2db5d9ab"},"valid_domain_null":[],"train_loss_diff":NaN,"_runtime":390.2184015,"train_null_loss":1.685595989227295,"_timestamp":1.7473903265859978e+09,"valid_gesture_null":[],"valid_joint_loss":3.116301340716226,"valid_domain_loss":1.464210399559566,"valid_bvp_embed_loss":NaN,"valid_null_domain_acc":0.5982142686843872,"valid_embed_domain_f1":NaN,"_step":296,"_wandb":{"runtime":390},"valid_embed_gesture_f1":NaN,"valid_null_gesture_f1":0.3035714328289032,"train_domain_loss":7.367547512054443,"train_embed_loss":NaN,"valid_gesture_conf_mat":{"_type":"plotly-file","sha256":"3129306f135451d587064f3fd7bef3174b4dea4b013fd12f94d0559387afae66","size":17691,"path":"media/plotly/valid_gesture_conf_mat_263_3129306f135451d58706.plotly.json"},"train_loss":1.685595989227295,"train_gesture_null":[],"valid_embed_domain_acc":NaN,"valid_bvp_null_loss":1.6520909411566598,"valid_null_domain_f1":0.5982142686843872,"train_domain_null":[]}