{"valid_null_gesture_f1":0.2857142984867096,"train_loss":1.6030832529067993,"valid_embed_domain_acc":0.1428571492433548,"valid_null_domain_acc":0.1428571492433548,"train_domain_null":[],"train_null_loss":1.5778390169143677,"train_gesture_null":[],"train_gesture_embed":[],"valid_null_domain_f1":0.1428571492433548,"train_domain_embed":[],"valid_null_gesture_acc":0.2857142984867096,"valid_bvp_embed_loss":1.6211920976638794,"_wandb":{"runtime":1962},"valid_embed_gesture_acc":0.2857142984867096,"valid_bvp_null_loss":1.622659683227539,"_timestamp":1.750592967312831e+09,"train_loss_diff":0.05048847198486328,"_step":739,"valid_embed_domain_f1":0.1428571492433548,"valid_embed_gesture_f1":0.2857142984867096,"valid_joint_loss":6.418641754559109,"train_domain_loss":3.19032621383667,"valid_domain_loss":3.1747899736676897,"train_embed_loss":1.628327488899231,"_runtime":1962.2818694}