{"valid_null_acc":0.2232142835855484,"train_null_loss":1.5007550716400146,"valid_elbo_loss":0.02126241847872734,"valid_joint_loss":3.56450608213033,"_step":349,"train_bvp":{"width":20,"height":20,"format":"png","count":3,"filenames":["media/images/train_bvp_342_e11f7fb5948840547753.png","media/images/train_bvp_342_d775dde0e956ca1003fc.png","media/images/train_bvp_342_c77d84c1cd26d6b66afc.png"],"_type":"images/separated"},"valid_bvp_embed_loss":1.7719878809792655,"valid_null_conf_mat":{"path":"media/images/valid_null_conf_mat_349_709f4bf6c0f4520ee30a.png","format":"png","width":640,"height":480,"_type":"image-file","sha256":"709f4bf6c0f4520ee30ac3fdf891a0c9c49f51eeea69ade5c95f99576fb536b7","size":6084},"train_loss":1.4599814414978027,"valid_bvp_null_loss":1.7712557826723372,"train_embed_loss":1.4192078113555908,"valid_embed_acc":0.2232142835855484,"train_bvp_embed":{"width":20,"height":20,"format":"png","count":3,"filenames":["media/images/train_bvp_embed_342_b8c5b46b66dc795b84d2.png","media/images/train_bvp_embed_342_0ccecaabad33b8c71e29.png","media/images/train_bvp_embed_342_63b813ce1b32855474f2.png"],"_type":"images/separated"},"valid_null_f1":0.2232142835855484,"train_loss_diff":-0.08154726028442383,"_timestamp":1.7453213031704814e+09,"valid_bvp":{"filenames":["media/images/valid_bvp_349_d07013551178bc12f03d.png","media/images/valid_bvp_349_61d330c70c648dcc5fde.png","media/images/valid_bvp_349_72697e6d137750443323.png"],"_type":"images/separated","width":20,"height":20,"format":"png","count":3},"train_elbo_loss":0.022380497306585312,"valid_embed_f1":0.2232142835855484,"train_bvp_null":{"_type":"images/separated","width":20,"height":20,"format":"png","count":3,"filenames":["media/images/train_bvp_null_342_f8c1f368a34803be2eba.png","media/images/train_bvp_null_342_d41a8b935346dd0869e5.png","media/images/train_bvp_null_342_2c0deaf5376e073c29c2.png"]},"valid_embed_prec":0.2232142835855484,"valid_null_prec":0.2232142835855484,"valid_bvp_embed":{"_type":"images/separated","width":20,"height":20,"format":"png","count":3,"filenames":["media/images/valid_bvp_embed_349_f4aa9257aa99e866ab49.png","media/images/valid_bvp_embed_349_d5588ff85db122218b32.png","media/images/valid_bvp_embed_349_5afbd3cccdd6c23fd437.png"]},"valid_bvp_null":{"format":"png","count":3,"filenames":["media/images/valid_bvp_null_349_1160c703ada0ff29c2c8.png","media/images/valid_bvp_null_349_9827bbadc11200cb8015.png","media/images/valid_bvp_null_349_9da867b63fa5e5a0c86d.png"],"_type":"images/separated","width":20,"height":20},"_runtime":3330.0286013,"_wandb":{"runtime":3330},"valid_embed_conf_mat":{"_type":"image-file","sha256":"a6127bcb150cec461f60a4c3ec9e64b5b31f60fd8ab99322183d1a25085e396f","size":6080,"path":"media/images/valid_embed_conf_mat_349_a6127bcb150cec461f60.png","format":"png","width":640,"height":480}}