{"valid_embed_domain_f1":NaN,"valid_domain_null":[],"train_domain_null":[],"valid_null_gesture_f1":0.3303571343421936,"_runtime":650.2451816,"valid_embed_gesture_f1":NaN,"valid_joint_loss":2.434423472200121,"valid_null_gesture_acc":0.3303571343421936,"_wandb":{"runtime":650},"valid_domain_conf_mat":{"_type":"plotly-file","sha256":"9cc9cbf057e18175bd08a7cd1221bbd38d98fd607e516c78f8d60012e8670c4a","size":15073,"path":"media/plotly/valid_domain_conf_mat_494_9cc9cbf057e18175bd08.plotly.json"},"train_embed_loss":NaN,"_timestamp":1.7474015091881163e+09,"valid_null_domain_f1":0.7053571343421936,"valid_gesture_null":[],"train_domain_loss":2.5716371536254883,"valid_domain_loss":0.7876329847744533,"valid_gesture_conf_mat":{"size":17690,"path":"media/plotly/valid_gesture_conf_mat_494_8bc7890260bee6bd6373.plotly.json","_type":"plotly-file","sha256":"8bc7890260bee6bd63734be058b50418802f316844e78ce0ae9345ac3415ed87"},"valid_embed_domain_acc":NaN,"valid_bvp_null_loss":1.6467904874256678,"_step":494,"valid_null_domain_acc":0.7053571343421936,"valid_bvp_embed_loss":NaN,"train_null_loss":1.6921441555023193,"train_loss_diff":NaN,"valid_embed_gesture_acc":NaN,"train_gesture_null":[],"train_loss":1.6921441555023193}