{"valid_bvp":{"width":20,"height":20,"format":"png","count":3,"filenames":["media/images/valid_bvp_349_d07013551178bc12f03d.png","media/images/valid_bvp_349_61d330c70c648dcc5fde.png","media/images/valid_bvp_349_72697e6d137750443323.png"],"_type":"images/separated"},"valid_embed_acc":0.2857142984867096,"valid_null_f1":0.2946428656578064,"valid_null_acc":0.2946428656578064,"valid_embed_conf_mat":{"format":"png","width":640,"height":480,"_type":"image-file","sha256":"3f25d80e55039c5543f79f9546000f91a37c0c045fd2cd0256f3a14c85548150","size":6082,"path":"media/images/valid_embed_conf_mat_349_3f25d80e55039c5543f7.png"},"valid_embed_f1":0.2857142984867096,"valid_bvp_null":{"filenames":["media/images/valid_bvp_null_349_099464e0912a861291df.png","media/images/valid_bvp_null_349_c6c09306687451fc3816.png","media/images/valid_bvp_null_349_75ecf298eecb2ec9d572.png"],"_type":"images/separated","width":20,"height":20,"format":"png","count":3},"_timestamp":1.7452393255317547e+09,"valid_bvp_embed":{"_type":"images/separated","width":20,"height":20,"format":"png","count":3,"filenames":["media/images/valid_bvp_embed_349_854829443ad3129a0618.png","media/images/valid_bvp_embed_349_f3842e03d19cb4637702.png","media/images/valid_bvp_embed_349_404e979476a5f3f28175.png"]},"valid_null_prec":0.2946428656578064,"train_loss_diff":-0.09800958633422852,"_wandb":{"runtime":4998},"valid_bvp_null_loss":1.7297535794121879,"train_bvp_embed":{"filenames":["media/images/train_bvp_embed_342_ce3ddfbd57f9d8afcbd1.png","media/images/train_bvp_embed_342_7759ac2ffa2caf15ae29.png","media/images/train_bvp_embed_342_084d4d23bb2dd5401ac6.png"],"_type":"images/separated","width":20,"height":20,"format":"png","count":3},"valid_embed_prec":0.2857142984867096,"train_bvp":{"filenames":["media/images/train_bvp_342_892f43393a92f2af912a.png","media/images/train_bvp_342_a1319a25d4eadbaf6839.png","media/images/train_bvp_342_d6423f3f55c2cd0f24b3.png"],"_type":"images/separated","width":20,"height":20,"format":"png","count":3},"valid_bvp_embed_loss":1.7343462024416243,"train_bvp_null":{"width":20,"height":20,"format":"png","count":3,"filenames":["media/images/train_bvp_null_342_5cdb7bc3d7de852d0bbc.png","media/images/train_bvp_null_342_5462c1098b395ce941c1.png","media/images/train_bvp_null_342_c0a628d4348c5ca2bbdd.png"],"_type":"images/separated"},"valid_joint_loss":3.4847954974642823,"_runtime":4998.0824372,"train_elbo_loss":0.018108533695340157,"train_loss":1.5278092622756958,"train_null_loss":1.57681405544281,"valid_elbo_loss":0.02069571561047009,"_step":349,"train_embed_loss":1.4788044691085815,"valid_null_conf_mat":{"format":"png","width":640,"height":480,"_type":"image-file","sha256":"4c8ee29a6d17b77b40abc4ee1e65b32eb28be4fc87ab112ca0fab52a9657b0cb","size":6124,"path":"media/images/valid_null_conf_mat_349_4c8ee29a6d17b77b40ab.png"}}