{"train_loss_diff":0.017085790634155273,"valid_bvp":{"count":3,"filenames":["media/images/valid_bvp_349_d07013551178bc12f03d.png","media/images/valid_bvp_349_61d330c70c648dcc5fde.png","media/images/valid_bvp_349_72697e6d137750443323.png"],"_type":"images/separated","width":20,"height":20,"format":"png"},"valid_bvp_null":{"count":3,"filenames":["media/images/valid_bvp_null_349_dfba491c529a3ef06c4f.png","media/images/valid_bvp_null_349_5df0347f6fc551c981f9.png","media/images/valid_bvp_null_349_56cc866b064f3bebab2b.png"],"_type":"images/separated","width":20,"height":20,"format":"png"},"train_bvp_null":{"width":20,"height":20,"format":"png","count":3,"filenames":["media/images/train_bvp_null_342_0a07262093050f5f11d7.png","media/images/train_bvp_null_342_fd0e48a47c61cca12ece.png","media/images/train_bvp_null_342_5dc9db552c17b824d7ea.png"],"_type":"images/separated"},"train_loss":1.3885858058929443,"valid_embed_acc":0.2767857015132904,"valid_bvp_embed":{"format":"png","count":3,"filenames":["media/images/valid_bvp_embed_349_5a197b7036928154c0ef.png","media/images/valid_bvp_embed_349_33d5a8c53178c5b8b1e0.png","media/images/valid_bvp_embed_349_d80b48748610e3113d93.png"],"_type":"images/separated","width":20,"height":20},"valid_null_acc":0.2678571343421936,"_wandb":{"runtime":5866},"train_embed_loss":1.397128701210022,"valid_embed_f1":0.2767857015132904,"valid_embed_prec":0.2767857015132904,"valid_joint_loss":3.499736682112728,"valid_null_f1":0.2678571343421936,"_timestamp":1.7452650995984046e+09,"train_elbo_loss":0.019318200647830963,"valid_null_prec":0.2678571343421936,"valid_null_conf_mat":{"width":640,"height":480,"_type":"image-file","sha256":"53c99532d5f36e7ba43554af042e8774e58a8fe78d8d7d50ecc5359e5ba2bb90","size":6125,"path":"media/images/valid_null_conf_mat_349_53c99532d5f36e7ba435.png","format":"png"},"valid_embed_conf_mat":{"format":"png","width":640,"height":480,"_type":"image-file","sha256":"1b2e859fcd888d4047dc9c5c08ff76fad1b5e42dd064dffcf9346e9fbca8f166","size":6069,"path":"media/images/valid_embed_conf_mat_349_1b2e859fcd888d4047dc.png"},"valid_bvp_null_loss":1.7398700543812342,"_runtime":5866.392997,"train_bvp_embed":{"height":20,"format":"png","count":3,"filenames":["media/images/train_bvp_embed_342_c36d472f42f2452d9428.png","media/images/train_bvp_embed_342_4102d50a3e965f164ecf.png","media/images/train_bvp_embed_342_aa5810e40a32e0e767eb.png"],"_type":"images/separated","width":20},"_step":349,"train_null_loss":1.3800429105758667,"train_bvp":{"width":20,"height":20,"format":"png","count":3,"filenames":["media/images/train_bvp_342_dbbf9d786870d3b12798.png","media/images/train_bvp_342_fc195039fa4c532231c9.png","media/images/train_bvp_342_97dde3a8b3d92533c76e.png"],"_type":"images/separated"},"valid_bvp_embed_loss":1.738717726298741,"valid_elbo_loss":0.02114890143275261}