{"_runtime":4.9461137,"train_domain_loss":2.4524638652801514,"train_embed_loss":NaN,"train_loss":1.7804244756698608,"_timestamp":1.7454102036084368e+09,"train_loss_diff":NaN,"train_null_loss":1.7804244756698608,"_step":6,"_wandb":{"runtime":4}}