{"valid_null_prec":0.1979166716337204,"valid_null_conf_mat":{"path":"media/images/valid_null_conf_mat_59_c230dc5c21ac2250d8b7.png","format":"png","width":640,"height":480,"_type":"image-file","sha256":"c230dc5c21ac2250d8b7a90777cefc0e864b131c802127ffe9b6f2c8d98ebfff","size":6047},"valid_embed_acc":NaN,"_runtime":9352.245596,"_timestamp":1.7419541393476906e+09,"train_elbo_loss":7.466970461186968e+31,"valid_null_f1":0.1979166716337204,"train_loss_diff":NaN,"valid_bvp_null_loss":1.7849209705988567,"valid_embed_prec":NaN,"valid_elbo_loss":4.856632087454209e+21,"train_mus":{"bins":[-0.1491948664188385,0.10783854126930237,0.36487194895744324,0.6219053864479065,0.8789387941360474,1.1359721422195435,1.393005609512329,1.6500389575958252,1.9070724248886108,2.1641058921813965,2.4211392402648926,2.6781725883483887,2.9352059364318848,3.19223952293396,3.449272871017456,3.706306219100952,3.9633398056030273,4.220373153686523,4.4774065017700195,4.734439849853516,4.991473197937012,5.248506546020508,5.505540370941162,5.762573719024658,6.019607067108154,6.27664041519165,6.5336737632751465,6.790707111358643,7.047740459442139,7.304773807525635,7.561807632446289,7.818840980529785,8.075874328613281,8.332907676696777,8.589941024780273,8.84697437286377,9.104007720947266,9.361041069030762,9.618074417114258,9.875107765197754,10.13214111328125,10.389175415039062,10.646208763122559,10.903242111206055,11.16027545928955,11.417308807373047,11.674342155456543,11.931375503540039,12.188408851623535,12.445442199707031,12.702475547790527,12.959508895874023,13.21654224395752,13.473575592041016,13.730608940124512,13.987642288208008,14.244675636291504,14.501709938049316,14.758743286132812,15.015776634216309,15.272809982299805,15.5298433303833,15.786876678466797,16.043909072875977,16.30094337463379],"_type":"histogram","values":[37,0,1,1,0,0,0,0,0,0,2,0,0,0,0,0,0,0,0,1,0,0,0,0,0,0,0,0,2,0,0,1,0,0,1,1,0,1,0,1,1,1,0,1,1,0,1,0,0,1,1,1,0,0,0,0,0,0,0,0,0,1,1,1]},"valid_joint_loss":4.856632087454209e+21,"train_log_sigmas":{"_type":"histogram","values":[40,0,0,0,0,0,0,0,0,0,0,0,0,0,0,0,1,0,1,0,3,0,2,0,0,2,0,2,0,0,1,1,0,1,0,2,0,0,0,0,1,1,1,0,0,0,0,0,0,0,0,0,0,0,0,0,0,0,0,0,0,0,0,1],"bins":[-0.1970459520816803,0.3617017865180969,0.9204494953155518,1.4791972637176514,2.037945032119751,2.5966928005218506,3.155440330505371,3.7141880989074707,4.27293586730957,4.83168363571167,5.3904314041137695,5.949179172515869,6.507926940917969,7.066674709320068,7.625422477722168,8.18416976928711,8.742918014526367,9.301665306091309,9.860413551330566,10.419160842895508,10.977909088134766,11.536656379699707,12.095404624938965,12.654151916503906,13.212899208068848,13.771647453308105,14.330394744873047,14.889142990112305,15.447890281677246,16.006637573242188,16.565385818481445,17.124134063720703,17.68288230895996,18.241628646850586,18.800376892089844,19.3591251373291,19.91787338256836,20.476619720458984,21.035367965698242,21.5941162109375,22.152862548828125,22.711610794067383,23.27035903930664,23.8291072845459,24.387853622436523,24.94660186767578,25.50535011291504,26.064098358154297,26.622844696044922,27.18159294128418,27.740341186523438,28.299087524414062,28.85783576965332,29.416584014892578,29.975332260131836,30.53407859802246,31.09282684326172,31.651575088500977,32.210323333740234,32.76906967163086,33.32781982421875,33.886566162109375,34.4453125,35.00406265258789,35.562808990478516]},"train_bvp":{"_type":"images/separated","width":20,"height":20,"format":"png","count":3,"filenames":["media/images/train_bvp_56_f7a797005be657380dd8.png","media/images/train_bvp_56_4605ffe4c72bc295539d.png","media/images/train_bvp_56_e4d01cb3a1e6c04bd0ff.png"]},"train_loss":1.798599362373352,"train_null_loss":1.798599362373352,"valid_bvp":{"_type":"images/separated","width":20,"height":20,"format":"png","count":3,"filenames":["media/images/valid_bvp_59_5b7e2f4d9ae94d271096.png","media/images/valid_bvp_59_6f4a71d693cf00bb4a1b.png","media/images/valid_bvp_59_06450b04f042984c9aff.png"]},"valid_bvp_null":{"format":"png","count":3,"filenames":["media/images/valid_bvp_null_59_05fe5b713d951783a349.png","media/images/valid_bvp_null_59_b9f0b92b91187bbc9ce7.png","media/images/valid_bvp_null_59_f372c1e8a069dbef0aff.png"],"_type":"images/separated","width":20,"height":20},"valid_null_acc":0.1979166716337204,"train_bvp_null":{"count":3,"filenames":["media/images/train_bvp_null_56_fefb98606e5cd05780b0.png","media/images/train_bvp_null_56_0ce05edfa25ee010fcb2.png","media/images/train_bvp_null_56_815836e3b84c50e5cc87.png"],"_type":"images/separated","width":20,"height":20,"format":"png"},"_step":59,"valid_bvp_embed_loss":NaN,"train_embed_loss":NaN,"valid_embed_f1":NaN,"_wandb":{"runtime":9352}}