{"valid_embed_prec":0.4107142984867096,"train_elbo_loss":0.01671905256807804,"valid_bvp_null":{"filenames":["media/images/valid_bvp_null_1849_a3a543f71cbd48db9788.png","media/images/valid_bvp_null_1849_5d0ce634d69316432650.png","media/images/valid_bvp_null_1849_f7fd7ac4fc1f4aed4015.png"],"_type":"images/separated","width":20,"height":20,"format":"png","count":3},"valid_joint_loss":3.266442386699574,"valid_bvp_embed":{"filenames":["media/images/valid_bvp_embed_1849_f15fd0e0af8bda310b55.png","media/images/valid_bvp_embed_1849_84f16e5bd74a3db789dd.png","media/images/valid_bvp_embed_1849_569472d7559f8cc6849b.png"],"_type":"images/separated","width":20,"height":20,"format":"png","count":3},"valid_null_prec":0.4107142984867096,"valid_embed_f1":0.4107142984867096,"train_loss":1.521691083908081,"train_null_loss":1.6152043342590332,"train_loss_diff":-0.1870265007019043,"valid_null_f1":0.4107142984867096,"train_bvp_embed":{"width":20,"height":20,"format":"png","count":3,"filenames":["media/images/train_bvp_embed_1812_69e5b5cd79339a2e5639.png","media/images/train_bvp_embed_1812_f1981d229ef410d6ea9e.png","media/images/train_bvp_embed_1812_2788781099ba2533e32b.png"],"_type":"images/separated"},"valid_bvp_embed_loss":1.6241804361343384,"valid_bvp_null_loss":1.6224616425377982,"valid_null_acc":0.4107142984867096,"valid_embed_acc":0.4107142984867096,"valid_bvp":{"height":20,"format":"png","count":3,"filenames":["media/images/valid_bvp_1849_d07013551178bc12f03d.png","media/images/valid_bvp_1849_61d330c70c648dcc5fde.png","media/images/valid_bvp_1849_72697e6d137750443323.png"],"_type":"images/separated","width":20},"_wandb":{"runtime":9801},"_step":1849,"valid_null_conf_mat":{"path":"media/images/valid_null_conf_mat_1849_074a011d6676f4a0c216.png","format":"png","width":640,"height":480,"_type":"image-file","sha256":"074a011d6676f4a0c216b6973a89137a9df459abb802d18b52266e0592a7c3d3","size":6134},"_runtime":9801.393737,"_timestamp":1.7479899487124743e+09,"valid_embed_conf_mat":{"height":480,"_type":"image-file","sha256":"b6fefaa5ee2f3ba277f17fa0e8b0f7b42210f1cbd79c533bce7022d0d70131d6","size":6138,"path":"media/images/valid_embed_conf_mat_1849_b6fefaa5ee2f3ba277f1.png","format":"png","width":640},"valid_elbo_loss":0.019800308027437756,"train_embed_loss":1.428177833557129,"train_bvp_null":{"_type":"images/separated","width":20,"height":20,"format":"png","count":3,"filenames":["media/images/train_bvp_null_1812_d7b0b30868b50c5d267a.png","media/images/train_bvp_null_1812_bd7aead0002031ad65b8.png","media/images/train_bvp_null_1812_35e5e0b166b81d469721.png"]},"train_bvp":{"width":20,"height":20,"format":"png","count":3,"filenames":["media/images/train_bvp_1812_abec8727522f0a55ce5e.png","media/images/train_bvp_1812_bc88f0d19c90ea6cbefe.png","media/images/train_bvp_1812_ccefdc6d4ba979501274.png"],"_type":"images/separated"}}