{"valid_bvp_null_loss":1.6218916007450648,"train_bvp":{"height":20,"format":"png","count":3,"filenames":["media/images/train_bvp_1812_205630bb3cfcc713599c.png","media/images/train_bvp_1812_fa47bdf53e3cef0fdaae.png","media/images/train_bvp_1812_b6ab90dcc618eee33640.png"],"_type":"images/separated","width":20},"valid_null_acc":0.4017857015132904,"train_bvp_null":{"count":3,"filenames":["media/images/train_bvp_null_1812_4972d9d9b159e14dcac0.png","media/images/train_bvp_null_1812_bcdedf79060a0ab097e2.png","media/images/train_bvp_null_1812_e0851bc01076a563afb6.png"],"_type":"images/separated","width":20,"height":20,"format":"png"},"valid_embed_acc":0.4017857015132904,"valid_elbo_loss":0.019150639618081704,"_step":1849,"train_null_loss":1.7238695621490479,"valid_embed_prec":0.4017857015132904,"train_embed_loss":1.6429193019866943,"train_bvp_embed":{"filenames":["media/images/train_bvp_embed_1812_8e5cd3f055f4b411c0fc.png","media/images/train_bvp_embed_1812_eb88a539cb8d5c39c62e.png","media/images/train_bvp_embed_1812_deb8d499b9c198833595.png"],"_type":"images/separated","width":20,"height":20,"format":"png","count":3},"valid_embed_f1":0.4017857015132904,"valid_null_f1":0.4017857015132904,"_timestamp":1.7480075526703563e+09,"train_loss":1.683394432067871,"valid_joint_loss":3.266069675529642,"valid_bvp_null":{"_type":"images/separated","width":20,"height":20,"format":"png","count":3,"filenames":["media/images/valid_bvp_null_1849_191801676b0b6e318b7e.png","media/images/valid_bvp_null_1849_984f356c4c73518cbea5.png","media/images/valid_bvp_null_1849_23dae35689c1a02d3cc3.png"]},"valid_null_conf_mat":{"width":640,"height":480,"_type":"image-file","sha256":"6580c1d24941b03cd910c90adfc39cdc4b60319c11620559548663d93125cac3","size":6140,"path":"media/images/valid_null_conf_mat_1849_6580c1d24941b03cd910.png","format":"png"},"train_elbo_loss":0.016174079850316048,"train_loss_diff":-0.08095026016235352,"valid_bvp_embed":{"count":3,"filenames":["media/images/valid_bvp_embed_1849_ee4139155c1b33fafe34.png","media/images/valid_bvp_embed_1849_7b8bb7f325e217e156af.png","media/images/valid_bvp_embed_1849_128fccd5dd039d5e2920.png"],"_type":"images/separated","width":20,"height":20,"format":"png"},"valid_bvp":{"height":20,"format":"png","count":3,"filenames":["media/images/valid_bvp_1849_d07013551178bc12f03d.png","media/images/valid_bvp_1849_61d330c70c648dcc5fde.png","media/images/valid_bvp_1849_72697e6d137750443323.png"],"_type":"images/separated","width":20},"_runtime":8387.895012,"valid_null_prec":0.4017857015132904,"_wandb":{"runtime":8387},"valid_bvp_embed_loss":1.6250274351664953,"valid_embed_conf_mat":{"path":"media/images/valid_embed_conf_mat_1849_648dd99ffad5b6b41510.png","format":"png","width":640,"height":480,"_type":"image-file","sha256":"648dd99ffad5b6b415107a73c36f29b985a7f34beccf20369b6e97475483c7ae","size":6089}}