{"train_loss_diff":-0.028749704360961914,"train_null_loss":1.5002117156982422,"valid_embed_acc":0.2767857015132904,"_runtime":2972.2429234,"valid_embed_conf_mat":{"width":640,"height":480,"_type":"image-file","sha256":"51dfbc9e662e3c94746eb7690c6607000f941086ed33b370c4869811a16a74c3","size":6086,"path":"media/images/valid_embed_conf_mat_1649_51dfbc9e662e3c94746e.png","format":"png"},"train_elbo_loss":0.01779690757393837,"train_loss":1.4858368635177612,"train_bvp":{"format":"png","count":3,"filenames":["media/images/train_bvp_1616_0cb112c91b2e5f7e0ada.png","media/images/train_bvp_1616_8f6ad12d7fb5970e9a8d.png","media/images/train_bvp_1616_500856f36c6e32da3f60.png"],"_type":"images/separated","width":20,"height":20},"train_bvp_embed":{"width":20,"height":20,"format":"png","count":3,"filenames":["media/images/train_bvp_embed_1616_2c7082735a4918cdda88.png","media/images/train_bvp_embed_1616_c187bea2d298f651fe60.png","media/images/train_bvp_embed_1616_495af7e9a24a4cc28d05.png"],"_type":"images/separated"},"train_bvp_null":{"_type":"images/separated","width":20,"height":20,"format":"png","count":3,"filenames":["media/images/train_bvp_null_1616_75db7fda93ff00508bf1.png","media/images/train_bvp_null_1616_845355ced34c6ee5e54e.png","media/images/train_bvp_null_1616_193520149223b874499b.png"]},"valid_bvp":{"count":3,"filenames":["media/images/valid_bvp_1649_d07013551178bc12f03d.png","media/images/valid_bvp_1649_61d330c70c648dcc5fde.png","media/images/valid_bvp_1649_72697e6d137750443323.png"],"_type":"images/separated","width":20,"height":20,"format":"png"},"valid_embed_prec":0.2767857015132904,"_timestamp":1.7472431402111568e+09,"_step":1649,"valid_null_conf_mat":{"size":6079,"path":"media/images/valid_null_conf_mat_1649_0cb1751e3dc8645b4ba9.png","format":"png","width":640,"height":480,"_type":"image-file","sha256":"0cb1751e3dc8645b4ba9b56ef4e651b2fd518025e15a1b260032e81c34359c44"},"valid_null_acc":0.2857142984867096,"valid_null_f1":0.2857142984867096,"_wandb":{"runtime":2972},"train_embed_loss":1.4714620113372803,"valid_bvp_null":{"width":20,"height":20,"format":"png","count":3,"filenames":["media/images/valid_bvp_null_1649_b323f91c62cad111903d.png","media/images/valid_bvp_null_1649_9d82fe3ce5fd4264ce24.png","media/images/valid_bvp_null_1649_656a2218486a15a15ed7.png"],"_type":"images/separated"},"valid_bvp_embed_loss":1.7126130376543318,"valid_embed_f1":0.2767857015132904,"valid_bvp_null_loss":1.7086568559919084,"valid_joint_loss":3.440898940765432,"valid_null_prec":0.2857142984867096,"valid_bvp_embed":{"width":20,"height":20,"format":"png","count":3,"filenames":["media/images/valid_bvp_embed_1649_58763b7588c06df86357.png","media/images/valid_bvp_embed_1649_832ccf003e653a39664f.png","media/images/valid_bvp_embed_1649_2020f54bf6101d21e2d6.png"],"_type":"images/separated"},"valid_elbo_loss":0.019629047119191716}