{"_timestamp":1.7454099023232114e+09,"_wandb":{"runtime":4},"train_null_loss":1.860722541809082,"train_embed_loss":NaN,"_runtime":4.9844326,"train_domain_loss":3.181356430053711,"_step":6,"train_loss_diff":NaN,"train_loss":1.860722541809082}