{"train_loss":1.8023734092712402,"valid_null_gesture_acc":0.1785714328289032,"train_gesture_null":[],"valid_embed_gesture_f1":NaN,"valid_domain_null":[],"valid_embed_gesture_acc":NaN,"train_domain_loss":12.462187767028809,"valid_gesture_conf_mat":{"size":17692,"path":"media/plotly/valid_gesture_conf_mat_32_8c602deb7deb31cfe433.plotly.json","_type":"plotly-file","sha256":"8c602deb7deb31cfe4334afed463ca9626c792194413d240ccc01e9ee83872df"},"valid_embed_domain_f1":NaN,"train_null_loss":1.8023734092712402,"_wandb":{"runtime":104},"train_embed_loss":NaN,"valid_domain_conf_mat":{"size":124570,"path":"media/plotly/valid_domain_conf_mat_32_2d1ff6af23d3695f317f.plotly.json","_type":"plotly-file","sha256":"2d1ff6af23d3695f317f66682c872226fbc472e9d8be4b52f119cab0353fc646"},"_runtime":104.071595,"valid_bvp_null_loss":1.778817823954991,"_timestamp":1.7474850944139833e+09,"valid_domain_loss":11.167046410696846,"valid_embed_domain_acc":NaN,"valid_gesture_null":[],"valid_bvp_embed_loss":NaN,"_step":65,"valid_null_domain_acc":0,"valid_null_domain_f1":0,"valid_joint_loss":12.945864234651838,"train_loss_diff":NaN,"valid_null_gesture_f1":0.1785714328289032,"train_domain_null":[]}