{"train_loss_diff":NaN,"_runtime":6.0708412,"train_embed_loss":NaN,"_step":6,"train_null_loss":1.7709126472473145,"_timestamp":1.7454102317078593e+09,"train_loss":1.7709126472473145,"_wandb":{"runtime":6},"train_domain_loss":2.9006166458129883}