{"train_elbo_loss":0.018659863620996475,"train_bvp_embed":{"_type":"images/separated","width":20,"height":20,"format":"png","count":3,"filenames":["media/images/train_bvp_embed_293_e1f46f10296c20378f56.png","media/images/train_bvp_embed_293_5816a0f3b39a2d34dabf.png","media/images/train_bvp_embed_293_a0c8303e01465b3f5232.png"]},"train_loss":1.48976731300354,"train_loss_diff":-0.08466863632202148,"valid_bvp_embed":{"height":20,"format":"png","count":3,"filenames":["media/images/valid_bvp_embed_299_93a9c91e54edaffa6d48.png","media/images/valid_bvp_embed_299_15567937d111c8b41b48.png","media/images/valid_bvp_embed_299_e26e0799982b6c34af6f.png"],"_type":"images/separated","width":20},"valid_bvp_embed_loss":1.7438152517591203,"_wandb":{"runtime":3348},"valid_bvp_null":{"height":20,"format":"png","count":3,"filenames":["media/images/valid_bvp_null_299_4405d1e3380151913dab.png","media/images/valid_bvp_null_299_2aee3629cad64f683285.png","media/images/valid_bvp_null_299_14a47502f43bc3ead98c.png"],"_type":"images/separated","width":20},"valid_joint_loss":3.511625835672021,"train_bvp_null":{"width":20,"height":20,"format":"png","count":3,"filenames":["media/images/train_bvp_null_293_ad7891f6f6dd2b2a6b16.png","media/images/train_bvp_null_293_b604691a33189d99c1af.png","media/images/train_bvp_null_293_89041ce4800df62f0236.png"],"_type":"images/separated"},"_runtime":3348.9517495,"valid_null_acc":0.2767857015132904,"valid_null_conf_mat":{"width":640,"height":480,"_type":"image-file","sha256":"32c7afb065c17dbec8e5e40552465b6b314cc36850aa850b46fb3d3ebd8bda94","size":6122,"path":"media/images/valid_null_conf_mat_299_32c7afb065c17dbec8e5.png","format":"png"},"valid_embed_prec":0.2767857015132904,"valid_bvp":{"filenames":["media/images/valid_bvp_299_d07013551178bc12f03d.png","media/images/valid_bvp_299_61d330c70c648dcc5fde.png","media/images/valid_bvp_299_72697e6d137750443323.png"],"_type":"images/separated","width":20,"height":20,"format":"png","count":3},"valid_embed_conf_mat":{"format":"png","width":640,"height":480,"_type":"image-file","sha256":"6539636f4d0c1f52ac1ec2d7958a3fa1c40a7ac055de12d17d088beb3c36ae20","size":6139,"path":"media/images/valid_embed_conf_mat_299_6539636f4d0c1f52ac1e.png"},"valid_null_prec":0.2767857015132904,"_timestamp":1.7467904703029041e+09,"_step":299,"train_null_loss":1.5321016311645508,"valid_embed_acc":0.2767857015132904,"valid_elbo_loss":0.020921214084540094,"valid_bvp_null_loss":1.7468893698283605,"valid_null_f1":0.2767857015132904,"train_embed_loss":1.4474329948425293,"valid_embed_f1":0.2767857015132904,"train_bvp":{"filenames":["media/images/train_bvp_293_d063e7ec708f166f1963.png","media/images/train_bvp_293_4d78e99d20259db417c9.png","media/images/train_bvp_293_b60a80db154ba1f7096a.png"],"_type":"images/separated","width":20,"height":20,"format":"png","count":3}}