{"valid_joint_loss":16.190029297556197,"valid_null_domain_acc":0,"_timestamp":1.747387327171722e+09,"valid_gesture_conf_mat":{"size":17690,"path":"media/plotly/valid_gesture_conf_mat_230_a77bff320491e89c8bb7.plotly.json","_type":"plotly-file","sha256":"a77bff320491e89c8bb7f492790dbb512e63050b6d146f4b139e06160c707262"},"_runtime":534.4845275,"train_domain_loss":5.230835914611816,"train_null_loss":1.6409008502960205,"valid_domain_null":[],"valid_embed_domain_acc":NaN,"valid_domain_conf_mat":{"path":"media/plotly/valid_domain_conf_mat_230_3173f5766bd74231300e.plotly.json","_type":"plotly-file","sha256":"3173f5766bd74231300e08d1a51d08d508466553937d019bd4227904b2fade65","size":38008},"train_domain_null":[],"train_embed_loss":NaN,"_wandb":{"runtime":534},"valid_embed_gesture_f1":NaN,"valid_embed_gesture_acc":NaN,"train_loss_diff":NaN,"valid_bvp_embed_loss":NaN,"valid_embed_domain_f1":NaN,"train_loss":1.6409008502960205,"_step":263,"train_gesture_null":[],"valid_null_domain_f1":0,"valid_domain_loss":14.54214096069336,"valid_gesture_null":[],"valid_null_gesture_acc":0.4553571343421936,"valid_bvp_null_loss":1.6478883368628365,"valid_null_gesture_f1":0.4553571343421936}