{"train_gesture_null":[],"valid_domain_conf_mat":{"path":"media/plotly/valid_domain_conf_mat_349_e896b57c37c4cc220b0f.plotly.json","_type":"plotly-file","sha256":"e896b57c37c4cc220b0f1394532069ecd1b51e8d5292a2486dadfac1d1accc0a","size":10065},"valid_embed_gesture_acc":0.3482142984867096,"valid_joint_loss":7.163429413522993,"_wandb":{"runtime":2525},"_timestamp":1.7454207272319882e+09,"train_domain_null":[],"valid_embed_domain_f1":0,"valid_bvp_embed_loss":1.7192778076444353,"valid_null_domain_acc":0,"valid_gesture_null":[],"valid_gesture_embed":[],"valid_embed_domain_conf_mat":{"_type":"plotly-file","sha256":"e896b57c37c4cc220b0f1394532069ecd1b51e8d5292a2486dadfac1d1accc0a","size":10065,"path":"media/plotly/valid_embed_domain_conf_mat_349_e896b57c37c4cc220b0f.plotly.json"},"valid_embed_domain_acc":0,"valid_gesture_conf_mat":{"size":17690,"path":"media/plotly/valid_gesture_conf_mat_349_cbe0945de857b437a27b.plotly.json","_type":"plotly-file","sha256":"cbe0945de857b437a27b8cee22e16ef12e266a5745ff212fd79ac5d46555f2c8"},"valid_null_gesture_acc":0.375,"valid_domain_null":[],"_step":349,"train_null_loss":1.440962314605713,"train_loss":1.3786660432815552,"valid_domain_embed":[],"valid_null_domain_f1":0,"train_domain_loss":0.5206919312477112,"valid_bvp_null_loss":1.7214778832026891,"valid_null_gesture_f1":0.375,"valid_domain_loss":3.7226737226758684,"valid_embed_gesture_f1":0.3482142984867096,"_runtime":2525.6192252,"valid_embed_gesture_conf_mat":{"size":17688,"path":"media/plotly/valid_embed_gesture_conf_mat_349_6599347ae6d6dd53b616.plotly.json","_type":"plotly-file","sha256":"6599347ae6d6dd53b61657301c338489635ab87da46949722a59497946998a6e"},"train_domain_embed":[],"train_embed_loss":1.3163697719573975,"train_loss_diff":-0.12459254264831543,"train_gesture_embed":[]}