{"train_mus":{"_type":"histogram","values":[39,1,0,0,0,1,2,0,0,0,3,1,0,0,0,2,0,0,0,0,0,0,0,1,0,2,0,1,0,0,0,1,1,0,0,1,1,0,0,0,0,0,0,0,0,0,0,1,0,0,0,0,1,0,0,0,0,0,0,0,0,0,0,1],"bins":[-0.09433518350124359,0.15784411132335663,0.41002339124679565,0.6622026562690735,0.9143819808959961,1.166561245918274,1.4187405109405518,1.6709198951721191,1.923099160194397,2.175278425216675,2.427457809448242,2.6796369552612305,2.931816339492798,3.183995485305786,3.4361748695373535,3.688354253768921,3.940533399581909,4.192712783813477,4.444891929626465,4.697071075439453,4.9492506980896,5.201429843902588,5.453608989715576,5.705788612365723,5.957967758178711,6.210146903991699,6.462326526641846,6.714505672454834,6.966684818267822,7.2188639640808105,7.471043586730957,7.723222732543945,7.975401878356934,8.227581024169922,8.47976016998291,8.731940269470215,8.984119415283203,9.236298561096191,9.48847770690918,9.740656852722168,9.992835998535156,10.245016098022461,10.49719524383545,10.749374389648438,11.001553535461426,11.253732681274414,11.505911827087402,11.75809097290039,12.010271072387695,12.262450218200684,12.514629364013672,12.76680850982666,13.018987655639648,13.271166801452637,13.523345947265625,13.77552604675293,14.027705192565918,14.279884338378906,14.532063484191895,14.784242630004883,15.036421775817871,15.288601875305176,15.540781021118164,15.792960166931152,16.04513931274414]},"train_elbo_loss":6.989119750144e+13,"_step":14,"valid_null_acc":0.1666666716337204,"_runtime":1974.2568854,"train_loss_diff":NaN,"train_bvp_null":{"_type":"images/separated","width":20,"height":20,"format":"png","count":3,"filenames":["media/images/train_bvp_null_11_8475917be65306074716.png","media/images/train_bvp_null_11_bf3ddef1cf1688a76b55.png","media/images/train_bvp_null_11_2ef6ecfe9e9e9fe068ac.png"]},"valid_null_conf_mat":{"format":"png","width":640,"height":480,"_type":"image-file","sha256":"47346a2b8dcecdcd3af98cc3392d00c3859f3a759d838941baae0c4f209f3929","size":6007,"path":"media/images/valid_null_conf_mat_14_47346a2b8dcecdcd3af9.png"},"_wandb":{"runtime":1974},"valid_bvp_embed_loss":NaN,"train_bvp":{"_type":"images/separated","width":20,"height":20,"format":"png","count":3,"filenames":["media/images/train_bvp_11_d6423f3f55c2cd0f24b3.png","media/images/train_bvp_11_dbbf9d786870d3b12798.png","media/images/train_bvp_11_eef1a1fe742e7d94f410.png"]},"valid_embed_acc":NaN,"train_loss":1.8192155361175537,"valid_bvp_null":{"width":20,"height":20,"format":"png","count":3,"filenames":["media/images/valid_bvp_null_14_7ccd639d5571a57d8455.png","media/images/valid_bvp_null_14_508bf01ce6eb6cd4f748.png","media/images/valid_bvp_null_14_b5209f04d7e339aa3bb1.png"],"_type":"images/separated"},"valid_embed_f1":NaN,"valid_embed_prec":NaN,"valid_null_f1":0.1666666716337204,"valid_elbo_loss":61.29205576578776,"_timestamp":1.7422230145473907e+09,"valid_bvp_null_loss":1.8007817268371582,"valid_null_prec":0.1666666716337204,"train_embed_loss":NaN,"valid_bvp":{"filenames":["media/images/valid_bvp_14_5b7e2f4d9ae94d271096.png","media/images/valid_bvp_14_6f4a71d693cf00bb4a1b.png","media/images/valid_bvp_14_06450b04f042984c9aff.png"],"_type":"images/separated","width":20,"height":20,"format":"png","count":3},"train_null_loss":1.8192155361175537,"valid_joint_loss":63.092837492624916,"train_log_sigmas":{"_type":"histogram","values":[40,0,0,0,0,0,0,0,0,0,0,0,0,0,0,0,0,0,1,0,0,0,0,0,0,1,0,1,0,0,1,1,1,0,0,1,0,1,2,0,0,0,0,1,1,1,1,0,0,0,0,1,1,1,0,1,0,0,0,0,0,1,0,1],"bins":[-0.1603851020336151,0.10098466277122498,0.36235442757606506,0.6237241625785828,0.8850939273834229,1.1464637517929077,1.407833456993103,1.669203281402588,1.9305729866027832,2.1919426918029785,2.453312635421753,2.7146823406219482,2.9760520458221436,3.237421751022339,3.4987916946411133,3.7601613998413086,4.021531105041504,4.282900810241699,4.5442705154418945,4.80564022064209,5.067010402679443,5.328380107879639,5.589749813079834,5.851119518280029,6.112489223480225,6.37385892868042,6.635228633880615,6.8965983390808105,7.157968521118164,7.419338226318359,7.680707931518555,7.94207763671875,8.203447341918945,8.46481704711914,8.726186752319336,8.987556457519531,9.248926162719727,9.510295867919922,9.771665573120117,10.033035278320312,10.294405937194824,10.55577564239502,10.817145347595215,11.07851505279541,11.339884757995605,11.6012544631958,11.862624168395996,12.123993873596191,12.385363578796387,12.646733283996582,12.908102989196777,13.169472694396973,13.430842399597168,13.692212104797363,13.953581809997559,14.214951515197754,14.476322174072266,14.737691879272461,14.999061584472656,15.260431289672852,15.521800994873047,15.783170700073242,16.044540405273438,16.305910110473633,16.567279815673828]}}