{"valid_null_gesture_acc":0.2321428507566452,"train_gesture_null":[],"train_null_loss":1.5999855995178223,"valid_domain_null":[],"train_embed_loss":1.627821922302246,"train_domain_embed":[],"valid_domain_conf_mat":{"sha256":"99f25c579ae0f59c0c7a558f401eefda8ed56b3f83ca444b148cdaba40bef5f0","size":24389,"path":"media/plotly/valid_domain_conf_mat_104_99f25c579ae0f59c0c7a.plotly.json","_type":"plotly-file"},"train_loss_diff":0.027836322784423828,"valid_domain_loss":3.5579730101994107,"valid_null_domain_acc":0,"valid_gesture_conf_mat":{"size":17691,"path":"media/plotly/valid_gesture_conf_mat_104_9e72effc2f76fbda582f.plotly.json","_type":"plotly-file","sha256":"9e72effc2f76fbda582f4c1a23289d35a60d186a878f9104545fee3ced624325"},"valid_bvp_embed_loss":NaN,"valid_embed_gesture_acc":NaN,"valid_embed_domain_acc":NaN,"train_gesture_embed":[],"_step":111,"train_domain_null":[],"valid_joint_loss":5.31473445892334,"train_domain_loss":0.7493023872375488,"valid_embed_domain_f1":NaN,"_wandb":{"runtime":268},"train_loss":1.6139037609100342,"valid_null_gesture_f1":0.2321428507566452,"_runtime":268.084494,"valid_gesture_null":[],"_timestamp":1.7454124659754949e+09,"valid_bvp_null_loss":1.7567614487239294,"valid_embed_gesture_f1":NaN,"valid_null_domain_f1":0}