{"train_loss":1.6349713802337646,"valid_null_domain_f1":0.0357142873108387,"valid_null_gesture_acc":0.3482142984867096,"valid_gesture_conf_mat":{"sha256":"bd439655eb36ed33410a46660c0816833974c08342c7b0f74eae33f42a39fa5a","size":17689,"path":"media/plotly/valid_gesture_conf_mat_164_bd439655eb36ed33410a.plotly.json","_type":"plotly-file"},"train_gesture_null":[],"valid_null_domain_acc":0.0357142873108387,"valid_gesture_null":[],"valid_domain_loss":7.76022515978132,"train_loss_diff":NaN,"valid_embed_gesture_f1":NaN,"train_domain_null":[],"valid_embed_gesture_acc":NaN,"train_embed_loss":NaN,"_timestamp":1.7474859719376063e+09,"train_null_loss":1.6349713802337646,"valid_joint_loss":9.406632474490575,"valid_bvp_embed_loss":NaN,"valid_domain_null":[],"valid_domain_conf_mat":{"path":"media/plotly/valid_domain_conf_mat_164_033c8790ed1b0dc93113.plotly.json","_type":"plotly-file","sha256":"033c8790ed1b0dc93113cdacd2fecc3cb13c3a97691b5205cb10b1c853c71a04","size":15075},"valid_embed_domain_f1":NaN,"valid_embed_domain_acc":NaN,"_step":197,"_wandb":{"runtime":284},"train_domain_loss":8.249138832092285,"valid_bvp_null_loss":1.6464073147092546,"_runtime":284.8670886,"valid_null_gesture_f1":0.3482142984867096}