{"valid_bvp_null":{"filenames":["media/images/valid_bvp_null_349_506d4d2fc89fa83a18c3.png","media/images/valid_bvp_null_349_c913ce48d1964cd0fb61.png","media/images/valid_bvp_null_349_ce414091cc365ce92af2.png"],"_type":"images/separated","width":20,"height":20,"format":"png","count":3},"train_loss":1.386572003364563,"train_embed_loss":1.302704930305481,"valid_embed_acc":0.3660714328289032,"_timestamp":1.7460008185091345e+09,"valid_null_conf_mat":{"sha256":"e36659b8eafab220079123e0b807355db39508b63bf4ef9280831cdd8435a9af","size":6071,"path":"media/images/valid_null_conf_mat_349_e36659b8eafab2200791.png","format":"png","width":640,"height":480,"_type":"image-file"},"valid_null_acc":0.3303571343421936,"_runtime":3168.3545078,"valid_embed_f1":0.3660714328289032,"valid_null_f1":0.3303571343421936,"valid_joint_loss":3.455948798518096,"train_bvp":{"height":20,"format":"png","count":3,"filenames":["media/images/train_bvp_342_301b7bd527cf2102c93c.png","media/images/train_bvp_342_cc0f39a5753b97638ff4.png","media/images/train_bvp_342_d063e7ec708f166f1963.png"],"_type":"images/separated","width":20},"train_elbo_loss":0.017153704538941383,"train_bvp_embed":{"filenames":["media/images/train_bvp_embed_342_0e725349f2356d4d2a38.png","media/images/train_bvp_embed_342_d082a4682a37d7d4869c.png","media/images/train_bvp_embed_342_831be32768f8b1f7fc42.png"],"_type":"images/separated","width":20,"height":20,"format":"png","count":3},"valid_embed_conf_mat":{"height":480,"_type":"image-file","sha256":"d2cd3c254bcf3806d3206331de5dab4532408627664da18feda79416000665ed","size":6085,"path":"media/images/valid_embed_conf_mat_349_d2cd3c254bcf3806d320.png","format":"png","width":640},"_step":349,"valid_bvp_embed":{"width":20,"height":20,"format":"png","count":3,"filenames":["media/images/valid_bvp_embed_349_61b30078b4def4cb63d8.png","media/images/valid_bvp_embed_349_c329df2304cc8a64157b.png","media/images/valid_bvp_embed_349_6af27568fe9e86fca10b.png"],"_type":"images/separated"},"valid_bvp_embed_loss":1.7153706891196114,"valid_elbo_loss":0.02001806960574218,"_wandb":{"runtime":3168},"valid_bvp_null_loss":1.720560039792742,"valid_null_prec":0.3303571343421936,"valid_embed_prec":0.3660714328289032,"train_bvp_null":{"width":20,"height":20,"format":"png","count":3,"filenames":["media/images/train_bvp_null_342_09b2e23998928a6e0d90.png","media/images/train_bvp_null_342_f861a6aceca21bb7d8bc.png","media/images/train_bvp_null_342_eefdc4709bc91dbfc3d2.png"],"_type":"images/separated"},"valid_bvp":{"height":20,"format":"png","count":3,"filenames":["media/images/valid_bvp_349_d07013551178bc12f03d.png","media/images/valid_bvp_349_61d330c70c648dcc5fde.png","media/images/valid_bvp_349_72697e6d137750443323.png"],"_type":"images/separated","width":20},"train_loss_diff":-0.16773414611816406,"train_null_loss":1.470439076423645}