{"_timestamp":1.7454088482294438e+09,"train_null_loss":1.7442559003829956,"_runtime":4.998108,"_step":6,"train_embed_loss":NaN,"train_domain_loss":3.0307180881500244,"train_loss":1.7442559003829956,"_wandb":{"runtime":4},"train_loss_diff":NaN}