{"valid_bvp_embed_loss":NaN,"_timestamp":1.7474000744787126e+09,"valid_domain_loss":4.354371138981411,"valid_embed_domain_acc":NaN,"train_loss_diff":NaN,"train_gesture_null":[],"valid_embed_gesture_acc":NaN,"valid_gesture_conf_mat":{"sha256":"8c602deb7deb31cfe4334afed463ca9626c792194413d240ccc01e9ee83872df","size":17692,"path":"media/plotly/valid_gesture_conf_mat_32_8c602deb7deb31cfe433.plotly.json","_type":"plotly-file"},"train_null_loss":1.7039800882339478,"train_embed_loss":NaN,"valid_domain_conf_mat":{"sha256":"6c918894cb5179efdc1fb4c9a0713549c24b0adf5c79ef36356a45536661be4a","size":124571,"path":"media/plotly/valid_domain_conf_mat_32_6c918894cb5179efdc1f.plotly.json","_type":"plotly-file"},"valid_embed_gesture_f1":NaN,"_runtime":110.2346751,"train_loss":1.7039800882339478,"valid_null_gesture_f1":0.1785714328289032,"_wandb":{"runtime":110},"valid_null_domain_acc":0,"valid_joint_loss":6.1202449628285,"train_domain_null":[],"train_domain_loss":11.437328338623047,"valid_bvp_null_loss":1.7658738238470895,"valid_embed_domain_f1":NaN,"valid_null_domain_f1":0,"valid_domain_null":[],"_step":65,"valid_null_gesture_acc":0.1785714328289032,"valid_gesture_null":[]}