{"train_domain_null":[],"valid_domain_conf_mat":{"_type":"plotly-file","sha256":"f60e2fea006b6ace838a27e5fc9e1f3eda2adfdb183fbbc0ff3e435f7bc2bf95","size":15075,"path":"media/plotly/valid_domain_conf_mat_494_f60e2fea006b6ace838a.plotly.json"},"valid_embed_gesture_f1":NaN,"train_null_loss":1.6532011032104492,"valid_joint_loss":3.4945400782993863,"_runtime":658.2766623,"valid_domain_null":[],"train_loss":1.6532011032104492,"valid_null_gesture_acc":0.3482142984867096,"train_loss_diff":NaN,"valid_embed_domain_f1":NaN,"valid_embed_domain_acc":NaN,"train_domain_loss":11.091094017028809,"train_gesture_null":[],"valid_null_gesture_f1":0.3482142984867096,"valid_gesture_null":[],"valid_embed_gesture_acc":NaN,"valid_bvp_embed_loss":NaN,"valid_bvp_null_loss":1.6500475917543684,"_wandb":{"runtime":658},"valid_null_domain_f1":0.4464285671710968,"_step":494,"train_embed_loss":NaN,"valid_null_domain_acc":0.4464285671710968,"valid_gesture_conf_mat":{"path":"media/plotly/valid_gesture_conf_mat_494_f93bcb83b8678a4b51bf.plotly.json","_type":"plotly-file","sha256":"f93bcb83b8678a4b51bfcc0b04f30a097a98d636ed0dccdfeb08b18a3e232d8e","size":17690},"_timestamp":1.747400836667433e+09,"valid_domain_loss":1.8444924865450179}