{"valid_bvp_null_loss":1.7564177853720528,"train_embed_loss":1.3522976636886597,"valid_bvp":{"count":3,"filenames":["media/images/valid_bvp_349_d07013551178bc12f03d.png","media/images/valid_bvp_349_61d330c70c648dcc5fde.png","media/images/valid_bvp_349_72697e6d137750443323.png"],"_type":"images/separated","width":20,"height":20,"format":"png"},"valid_null_f1":0.2410714328289032,"train_bvp_null":{"width":20,"height":20,"format":"png","count":3,"filenames":["media/images/train_bvp_null_342_2c364ce18cab0d99c68d.png","media/images/train_bvp_null_342_505fd6bd725cf1be42c8.png","media/images/train_bvp_null_342_0978fbe2411c969813a6.png"],"_type":"images/separated"},"train_elbo_loss":0.0161905474960804,"valid_embed_f1":0.2410714328289032,"train_bvp":{"format":"png","count":3,"filenames":["media/images/train_bvp_342_2baeef8d985ce29c57cb.png","media/images/train_bvp_342_34c63bd97d02e2611b50.png","media/images/train_bvp_342_18b0ae7b9fc01e80c243.png"],"_type":"images/separated","width":20,"height":20},"valid_embed_prec":0.2410714328289032,"valid_bvp_null":{"filenames":["media/images/valid_bvp_null_349_a9442110188862322e15.png","media/images/valid_bvp_null_349_32e4008820effae73d43.png","media/images/valid_bvp_null_349_bd73cae29c0737d0ff89.png"],"_type":"images/separated","width":20,"height":20,"format":"png","count":3},"valid_bvp_embed":{"height":20,"format":"png","count":3,"filenames":["media/images/valid_bvp_embed_349_2201e0ad54afc4d7ec86.png","media/images/valid_bvp_embed_349_648b44bf2e00de532495.png","media/images/valid_bvp_embed_349_29c15775030833220ca9.png"],"_type":"images/separated","width":20},"_runtime":6724.4532316,"valid_elbo_loss":0.02008010260760784,"valid_null_conf_mat":{"format":"png","width":640,"height":480,"_type":"image-file","sha256":"4dc2d3db60fe20244b419d225942bd0b459a8a51ded6c28d48c976cfa81452d8","size":6096,"path":"media/images/valid_null_conf_mat_349_4dc2d3db60fe20244b41.png"},"train_null_loss":1.4260693788528442,"valid_embed_conf_mat":{"format":"png","width":640,"height":480,"_type":"image-file","sha256":"0b738bb9ff0fc34164b87b94a60b012a8a49c871154a1dcf2c5bff6d70273af2","size":6091,"path":"media/images/valid_embed_conf_mat_349_0b738bb9ff0fc34164b8.png"},"valid_joint_loss":3.532965605014137,"valid_null_prec":0.2410714328289032,"train_loss":1.389183521270752,"_step":349,"valid_embed_acc":0.2410714328289032,"valid_bvp_embed_loss":1.7564677170344762,"train_loss_diff":-0.07377171516418457,"valid_null_acc":0.2410714328289032,"_timestamp":1.744891398061833e+09,"_wandb":{"runtime":6724},"train_bvp_embed":{"filenames":["media/images/train_bvp_embed_342_88392177ec82c5603805.png","media/images/train_bvp_embed_342_f9598837fcc67533ce41.png","media/images/train_bvp_embed_342_b72040b0c4f9156acbbf.png"],"_type":"images/separated","width":20,"height":20,"format":"png","count":3}}