{"valid_embed_f1":0.2767857015132904,"valid_joint_loss":3.4447759355285337,"train_bvp":{"width":20,"height":20,"format":"png","count":3,"filenames":["media/images/train_bvp_293_954262a89308991696cf.png","media/images/train_bvp_293_18bd74ff59b6034d4fa3.png","media/images/train_bvp_293_6c3dfbbaed7eab3a3f2f.png"],"_type":"images/separated"},"train_elbo_loss":0.01791975647211075,"train_null_loss":1.3917256593704224,"_timestamp":1.746793027535701e+09,"valid_embed_conf_mat":{"sha256":"d2aced49a0ba9a3a8b73df7d32fd1e13e766a0c28b1c194cfe51ff48ca4c9193","size":6082,"path":"media/images/valid_embed_conf_mat_299_d2aced49a0ba9a3a8b73.png","format":"png","width":640,"height":480,"_type":"image-file"},"valid_null_f1":0.3035714328289032,"valid_embed_prec":0.2767857015132904,"valid_bvp_null":{"_type":"images/separated","width":20,"height":20,"format":"png","count":3,"filenames":["media/images/valid_bvp_null_299_12fc4af93942b76fb400.png","media/images/valid_bvp_null_299_f5f7b1652319be083f83.png","media/images/valid_bvp_null_299_9101360eb56af957be32.png"]},"valid_null_conf_mat":{"_type":"image-file","sha256":"755ddf68de26e012495578068038b5374deee1fe23adff39e0691449fd9e9763","size":6083,"path":"media/images/valid_null_conf_mat_299_755ddf68de26e0124955.png","format":"png","width":640,"height":480},"valid_null_acc":0.3035714328289032,"valid_embed_acc":0.2767857015132904,"train_embed_loss":1.4284672737121582,"_runtime":2547.9327983,"train_loss":1.4100964069366455,"_wandb":{"runtime":2547},"valid_bvp_null_loss":1.7105205399649483,"train_bvp_embed":{"filenames":["media/images/train_bvp_embed_293_3fa85955d34a3414b014.png","media/images/train_bvp_embed_293_6f7b7c8858549b9e2f6a.png","media/images/train_bvp_embed_293_c430a0c37eb5cc6463ae.png"],"_type":"images/separated","width":20,"height":20,"format":"png","count":3},"valid_bvp":{"height":20,"format":"png","count":3,"filenames":["media/images/valid_bvp_299_d07013551178bc12f03d.png","media/images/valid_bvp_299_61d330c70c648dcc5fde.png","media/images/valid_bvp_299_72697e6d137750443323.png"],"_type":"images/separated","width":20},"valid_bvp_embed_loss":1.7135265895298548,"valid_elbo_loss":0.020728806033730507,"train_loss_diff":0.03674161434173584,"_step":299,"train_bvp_null":{"width":20,"height":20,"format":"png","count":3,"filenames":["media/images/train_bvp_null_293_de12e5c46fb86778e2bf.png","media/images/train_bvp_null_293_7a89c768c6ab015e4412.png","media/images/train_bvp_null_293_c8059db4d0021df82f59.png"],"_type":"images/separated"},"valid_bvp_embed":{"filenames":["media/images/valid_bvp_embed_299_f59a44e518e1bde88224.png","media/images/valid_bvp_embed_299_a463854409c37c9cc33f.png","media/images/valid_bvp_embed_299_f351336bfa5fd8870154.png"],"_type":"images/separated","width":20,"height":20,"format":"png","count":3},"valid_null_prec":0.3035714328289032}