{"valid_domain_conf_mat":{"sha256":"eb02e6017be39a54316970037876f4f6e2c1e3e867139ea8c90751fa208a5e2a","size":15074,"path":"media/plotly/valid_domain_conf_mat_494_eb02e6017be39a543169.plotly.json","_type":"plotly-file"},"_step":494,"valid_gesture_null":[],"train_null_loss":1.7240362167358398,"valid_embed_domain_acc":NaN,"train_embed_loss":NaN,"valid_bvp_null_loss":1.623385293143136,"valid_domain_null":[],"valid_joint_loss":4.546250547681536,"valid_domain_loss":2.9228652545384,"valid_gesture_conf_mat":{"size":17690,"path":"media/plotly/valid_gesture_conf_mat_494_82bfce8b901fb277ee2d.plotly.json","_type":"plotly-file","sha256":"82bfce8b901fb277ee2dc1a32c7cbe47cc1a5737a6843530224d0c1c3db971f1"},"valid_embed_gesture_f1":NaN,"_wandb":{"runtime":672},"train_loss":1.7240362167358398,"valid_embed_gesture_acc":NaN,"valid_null_domain_f1":0.02678571455180645,"_runtime":672.1736274,"train_gesture_null":[],"train_domain_loss":5.561226844787598,"valid_null_gesture_acc":0.3928571343421936,"valid_null_domain_acc":0.02678571455180645,"train_domain_null":[],"valid_bvp_embed_loss":NaN,"valid_null_gesture_f1":0.3928571343421936,"train_loss_diff":NaN,"_timestamp":1.7474867002904637e+09,"valid_embed_domain_f1":NaN}