{"train_loss":1.3271551132202148,"valid_joint_loss":3.4513853500286737,"train_bvp_null":{"height":20,"format":"png","count":3,"filenames":["media/images/train_bvp_null_1812_a432f872ecfe1ae5cf4f.png","media/images/train_bvp_null_1812_a955653f726b5708df1e.png","media/images/train_bvp_null_1812_efd76dde4a527ac640d7.png"],"_type":"images/separated","width":20},"train_embed_loss":1.3522899150848389,"valid_null_f1":0.30416667461395264,"valid_null_acc":0.30416667461395264,"train_bvp":{"height":20,"format":"png","count":3,"filenames":["media/images/train_bvp_1812_eb8e3cdfdf2b35f77ca3.png","media/images/train_bvp_1812_298734ae54d70c936e84.png","media/images/train_bvp_1812_fe23cc7fb683a14584cb.png"],"_type":"images/separated","width":20},"valid_bvp":{"format":"png","count":3,"filenames":["media/images/valid_bvp_1849_5f56b45b12637a10ae1b.png","media/images/valid_bvp_1849_2196de04f1d7bc4db2aa.png","media/images/valid_bvp_1849_15470b70a41c29d5816f.png"],"_type":"images/separated","width":20,"height":20},"_timestamp":1.7492244984777496e+09,"_step":1849,"valid_bvp_null":{"width":20,"height":20,"format":"png","count":3,"filenames":["media/images/valid_bvp_null_1849_9dab2ba9c1a63e60b4ae.png","media/images/valid_bvp_null_1849_c6341e34026132c6a26b.png","media/images/valid_bvp_null_1849_64a449bfca38e9141586.png"],"_type":"images/separated"},"train_bvp_embed":{"filenames":["media/images/train_bvp_embed_1812_2a4b6ca9eedaa376b1c2.png","media/images/train_bvp_embed_1812_fb87cd88e044ffa4c3a0.png","media/images/train_bvp_embed_1812_ca85942cba4207ec8ed0.png"],"_type":"images/separated","width":20,"height":20,"format":"png","count":3},"valid_bvp_embed_loss":1.7177503983179727,"valid_embed_prec":0.2958333194255829,"valid_null_conf_mat":{"path":"media/images/valid_null_conf_mat_1849_c1a72400c194ee266288.png","format":"png","width":640,"height":480,"_type":"image-file","sha256":"c1a72400c194ee26628811f168d1b0ad9f1c630c8950c585c0389d7e52502d2d","size":6098},"valid_null_prec":0.30416667461395264,"valid_elbo_loss":0.01901269257068634,"train_null_loss":1.3020204305648804,"valid_embed_acc":0.2958333194255829,"valid_bvp_null_loss":1.7146222591400146,"_wandb":{"runtime":9592},"valid_bvp_embed":{"height":20,"format":"png","count":3,"filenames":["media/images/valid_bvp_embed_1849_ba8988dd2cbb589ddeb4.png","media/images/valid_bvp_embed_1849_68b325e7f385645da4dd.png","media/images/valid_bvp_embed_1849_fd643ee9a22febbcfc69.png"],"_type":"images/separated","width":20},"valid_embed_f1":0.2958333194255829,"train_elbo_loss":0.018010418862104416,"train_loss_diff":0.050269484519958496,"valid_embed_conf_mat":{"width":640,"height":480,"_type":"image-file","sha256":"699a4649593e91bba116bf7eb0b455ee2d21b61324622307e22ccf97581f647a","size":6104,"path":"media/images/valid_embed_conf_mat_1849_699a4649593e91bba116.png","format":"png"},"_runtime":9592.245295}