{"valid_bvp_null":{"count":3,"filenames":["media/images/valid_bvp_null_349_17b2951d662e0f968042.png","media/images/valid_bvp_null_349_582fec7b1d917a50be74.png","media/images/valid_bvp_null_349_e0eff7895b23a555fc62.png"],"_type":"images/separated","width":20,"height":20,"format":"png"},"valid_bvp_embed":{"filenames":["media/images/valid_bvp_embed_349_f1f9f13bd6c87017e141.png","media/images/valid_bvp_embed_349_2565449fbea8ef287454.png","media/images/valid_bvp_embed_349_a9c8f41470dba93a6f88.png"],"_type":"images/separated","width":20,"height":20,"format":"png","count":3},"train_elbo_loss":0.015899738296866417,"valid_embed_f1":0.3928571343421936,"train_loss":1.3638677597045898,"valid_elbo_loss":0.020324447325297763,"train_embed_loss":1.2624561786651611,"_timestamp":1.7461884132254865e+09,"valid_embed_acc":0.3928571343421936,"valid_joint_loss":3.372614941426686,"_wandb":{"runtime":6247},"valid_null_f1":0.3928571343421936,"_step":349,"_runtime":6247.2358972,"valid_embed_prec":0.3928571343421936,"valid_embed_conf_mat":{"height":480,"_type":"image-file","sha256":"3bf767807f0c0226f24295145745ded3773cf32b35bbb58e19068b387edf3d37","size":6116,"path":"media/images/valid_embed_conf_mat_349_3bf767807f0c0226f242.png","format":"png","width":640},"valid_bvp_embed_loss":1.6721365792410714,"train_bvp":{"count":3,"filenames":["media/images/train_bvp_342_d3d49831013e3f244da5.png","media/images/train_bvp_342_f5184a18d1d8f1fa6569.png","media/images/train_bvp_342_0fe7836a4d362a5f6eb6.png"],"_type":"images/separated","width":20,"height":20,"format":"png"},"train_null_loss":1.465279221534729,"valid_null_conf_mat":{"size":6108,"path":"media/images/valid_null_conf_mat_349_15fcf220960bee7e6328.png","format":"png","width":640,"height":480,"_type":"image-file","sha256":"15fcf220960bee7e63282194aa21af8081f7c048e47de1ad33e6628bf333f82c"},"valid_null_prec":0.3928571343421936,"train_loss_diff":-0.20282304286956787,"train_bvp_embed":{"height":20,"format":"png","count":3,"filenames":["media/images/train_bvp_embed_342_56b23a5a1eb533b1779c.png","media/images/train_bvp_embed_342_475609d487b2fcbb3e8c.png","media/images/train_bvp_embed_342_786e6d63650419e78b28.png"],"_type":"images/separated","width":20},"valid_bvp_null_loss":1.6801539148603166,"train_bvp_null":{"count":3,"filenames":["media/images/train_bvp_null_342_3b9648f885188852b89a.png","media/images/train_bvp_null_342_54c0b526467142fdea71.png","media/images/train_bvp_null_342_df4f7844ea69a00f5a74.png"],"_type":"images/separated","width":20,"height":20,"format":"png"},"valid_null_acc":0.3928571343421936,"valid_bvp":{"count":3,"filenames":["media/images/valid_bvp_349_d07013551178bc12f03d.png","media/images/valid_bvp_349_61d330c70c648dcc5fde.png","media/images/valid_bvp_349_72697e6d137750443323.png"],"_type":"images/separated","width":20,"height":20,"format":"png"}}