{"train_gesture_null":[],"_step":2,"_runtime":6.0742959,"_wandb":{"runtime":6},"_timestamp":1.7473069921008854e+09,"train_domain_loss":3.6854023933410645,"train_loss_diff":NaN,"train_loss":1.6824769973754883,"train_null_loss":1.6824769973754883,"train_domain_null":[],"train_embed_loss":NaN}