{"valid_embed_f1":0.2678571343421936,"valid_null_conf_mat":{"format":"png","width":640,"height":480,"_type":"image-file","sha256":"8787eca4eb0bf159ad2d43192b5b5ba973d8f66b5c9d5fe4386fc53da7673030","size":6110,"path":"media/images/valid_null_conf_mat_349_8787eca4eb0bf159ad2d.png"},"valid_bvp":{"count":3,"filenames":["media/images/valid_bvp_349_d07013551178bc12f03d.png","media/images/valid_bvp_349_61d330c70c648dcc5fde.png","media/images/valid_bvp_349_72697e6d137750443323.png"],"_type":"images/separated","width":20,"height":20,"format":"png"},"valid_bvp_embed_loss":1.7324788911002023,"valid_bvp_embed":{"format":"png","count":3,"filenames":["media/images/valid_bvp_embed_349_7f92396b0fb002c25207.png","media/images/valid_bvp_embed_349_c649ccf7115585c0ae41.png","media/images/valid_bvp_embed_349_5bbab0acea1274f91f00.png"],"_type":"images/separated","width":20,"height":20},"train_elbo_loss":0.016061414033174515,"_timestamp":1.7453095045511425e+09,"train_bvp":{"_type":"images/separated","width":20,"height":20,"format":"png","count":3,"filenames":["media/images/train_bvp_342_27007d3cca0c1391cdc3.png","media/images/train_bvp_342_e4a2d95a87306bf943a5.png","media/images/train_bvp_342_91cf98e1f33f952052c8.png"]},"valid_joint_loss":3.489714398181864,"_wandb":{"runtime":3410},"valid_embed_prec":0.2678571343421936,"valid_null_acc":0.2767857015132904,"valid_embed_acc":0.2678571343421936,"valid_elbo_loss":0.020408014367733682,"valid_bvp_null_loss":1.7368274927139282,"train_bvp_null":{"format":"png","count":3,"filenames":["media/images/train_bvp_null_342_0baa63763ff008522807.png","media/images/train_bvp_null_342_62dd05d5d903665610d4.png","media/images/train_bvp_null_342_01e94f4b16167622f419.png"],"_type":"images/separated","width":20,"height":20},"train_bvp_embed":{"width":20,"height":20,"format":"png","count":3,"filenames":["media/images/train_bvp_embed_342_e6d72c8dc0e7af89dbb8.png","media/images/train_bvp_embed_342_62d0bb74d544bac88929.png","media/images/train_bvp_embed_342_42321300a9730e4a58db.png"],"_type":"images/separated"},"_runtime":3410.7463887,"valid_null_prec":0.2767857015132904,"train_embed_loss":1.485571265220642,"_step":349,"valid_null_f1":0.2767857015132904,"valid_embed_conf_mat":{"format":"png","width":640,"height":480,"_type":"image-file","sha256":"1124fa2994461d6f54543996c5b0376391aa76c200464de80a0f52b1831241e8","size":6104,"path":"media/images/valid_embed_conf_mat_349_1124fa2994461d6f5454.png"},"train_loss":1.4967691898345947,"valid_bvp_null":{"width":20,"height":20,"format":"png","count":3,"filenames":["media/images/valid_bvp_null_349_968afc0d19384652d130.png","media/images/valid_bvp_null_349_7beaf678ca55088fe0cb.png","media/images/valid_bvp_null_349_c5aa38991cf66c2aff2e.png"],"_type":"images/separated"},"train_null_loss":1.507967233657837,"train_loss_diff":-0.022395968437194824}