{"_timestamp":1.74730656705611e+09,"train_domain_null":[],"train_loss":1.8121883869171143,"train_null_loss":1.8121883869171143,"_wandb":{"runtime":6},"train_loss_diff":NaN,"_step":1,"train_gesture_null":[],"_runtime":6.0179166,"train_domain_loss":3.3060266971588135,"train_embed_loss":NaN}