{"train_null_loss":1.774949073791504,"train_loss_diff":NaN,"_timestamp":1.7454099630521784e+09,"_runtime":6.0267175,"train_loss":1.774949073791504,"_step":6,"train_domain_loss":3.2807095050811768,"_wandb":{"runtime":6},"train_embed_loss":NaN}