{"train_domain_embed":[],"train_gesture_embed":[],"train_loss_diff":-0.01714193820953369,"train_domain_loss":3.220966339111328,"valid_bvp_embed_loss":1.6668458155223302,"valid_embed_gesture_f1":0.3392857015132904,"train_embed_loss":1.6954866647720337,"_runtime":1423.8408934,"valid_joint_loss":6.553922551018851,"_timestamp":1.7505958024018853e+09,"valid_null_domain_acc":0,"valid_embed_domain_acc":0,"valid_embed_domain_f1":0,"valid_null_gesture_acc":0.3482142984867096,"valid_embed_gesture_acc":0.3392857015132904,"train_null_loss":1.7126286029815674,"valid_null_gesture_f1":0.3482142984867096,"train_domain_null":[],"train_gesture_null":[],"train_loss":1.7040576934814453,"_step":369,"_wandb":{"runtime":1423},"valid_bvp_null_loss":1.663596408707755,"valid_domain_loss":3.223480326788766,"valid_null_domain_f1":0}