{"train_null_loss":1.7753158807754517,"valid_joint_loss":3.512715945020318,"valid_null_prec":0.1696428507566452,"train_bvp_null":{"filenames":["media/images/train_bvp_null_342_d1f75777005f2c876d79.png","media/images/train_bvp_null_342_2510b3857fb6d09dc239.png","media/images/train_bvp_null_342_ce25099497419916a76b.png"],"_type":"images/separated","width":20,"height":20,"format":"png","count":3},"_runtime":3996.1932986,"valid_embed_conf_mat":{"_type":"image-file","sha256":"3e061251bf3e49226005d6a13ea1a00754eb67103b4c258a11182265daf9511f","size":6090,"path":"media/images/valid_embed_conf_mat_349_3e061251bf3e49226005.png","format":"png","width":640,"height":480},"valid_embed_prec":0.2142857164144516,"_timestamp":1.7448983860966103e+09,"valid_bvp_embed":{"_type":"images/separated","width":20,"height":20,"format":"png","count":3,"filenames":["media/images/valid_bvp_embed_349_e49d53e4458bc2ba7a60.png","media/images/valid_bvp_embed_349_26fd7be01052950b9cb6.png","media/images/valid_bvp_embed_349_d4c9ed71e5059a687730.png"]},"train_bvp_embed":{"filenames":["media/images/train_bvp_embed_342_77d9b722d553f6092384.png","media/images/train_bvp_embed_342_8cfb79d636b5212cb5eb.png","media/images/train_bvp_embed_342_ed535bc5933be4e5060f.png"],"_type":"images/separated","width":20,"height":20,"format":"png","count":3},"valid_bvp_null":{"height":20,"format":"png","count":3,"filenames":["media/images/valid_bvp_null_349_0d20e8705bed9ea4cf64.png","media/images/valid_bvp_null_349_db259598af0deded8e9e.png","media/images/valid_bvp_null_349_290f6381646e84a90a6e.png"],"_type":"images/separated","width":20},"train_elbo_loss":0.015606412664055824,"valid_bvp_null_loss":1.7535847936357771,"valid_elbo_loss":0.01953291121338095,"valid_null_conf_mat":{"size":6056,"path":"media/images/valid_null_conf_mat_349_877bb832cd11d471a8c1.png","format":"png","width":640,"height":480,"_type":"image-file","sha256":"877bb832cd11d471a8c11be7642e3fdbe42bb1f6cdc0177f8d690cee13646a41"},"_wandb":{"runtime":3996},"train_embed_loss":1.7393583059310913,"valid_embed_f1":0.2142857164144516,"valid_bvp":{"count":3,"filenames":["media/images/valid_bvp_349_d07013551178bc12f03d.png","media/images/valid_bvp_349_61d330c70c648dcc5fde.png","media/images/valid_bvp_349_72697e6d137750443323.png"],"_type":"images/separated","width":20,"height":20,"format":"png"},"valid_embed_acc":0.2142857164144516,"valid_null_f1":0.1696428507566452,"valid_bvp_embed_loss":1.73959824017116,"train_bvp":{"height":20,"format":"png","count":3,"filenames":["media/images/train_bvp_342_c95394acf09709d1f44d.png","media/images/train_bvp_342_b10181f93ca4ff348c93.png","media/images/train_bvp_342_0fe7836a4d362a5f6eb6.png"],"_type":"images/separated","width":20},"train_loss":1.7573370933532715,"valid_null_acc":0.1696428507566452,"_step":349,"train_loss_diff":-0.03595757484436035}