{"valid_null_domain_acc":0.1696428507566452,"valid_null_domain_f1":0.1696428507566452,"valid_embed_domain_acc":NaN,"valid_null_gesture_acc":0.4196428656578064,"_wandb":{"runtime":701},"train_domain_loss":4.932798385620117,"train_domain_null":[],"train_null_loss":1.7232701778411865,"_timestamp":1.747484015612957e+09,"valid_bvp_embed_loss":NaN,"valid_domain_loss":4.630414826529367,"valid_gesture_conf_mat":{"_type":"plotly-file","sha256":"69099cf304e058e6df7abf33418a23c8e40f03cd54219c01830a40f11b04699e","size":17692,"path":"media/plotly/valid_gesture_conf_mat_494_69099cf304e058e6df7a.plotly.json"},"valid_null_gesture_f1":0.4196428656578064,"valid_domain_null":[],"valid_embed_gesture_f1":NaN,"_runtime":701.1466729,"train_gesture_null":[],"train_embed_loss":NaN,"_step":494,"valid_joint_loss":6.251285229410444,"valid_domain_conf_mat":{"size":15076,"path":"media/plotly/valid_domain_conf_mat_494_c9eb2ff449537d8d0d0e.plotly.json","_type":"plotly-file","sha256":"c9eb2ff449537d8d0d0e868f8c095a23f2a7da176f899db9effd42765382152e"},"valid_embed_gesture_acc":NaN,"valid_bvp_null_loss":1.6208704028810774,"train_loss":1.7232701778411865,"valid_embed_domain_f1":NaN,"valid_gesture_null":[],"train_loss_diff":NaN}