{"valid_null_domain_f1":0,"valid_domain_loss":21.648996898106166,"train_domain_null":[],"valid_null_gesture_acc":0.3482142984867096,"valid_null_domain_acc":0,"_timestamp":1.7473864601335657e+09,"valid_gesture_null":[],"train_loss_diff":NaN,"train_embed_loss":NaN,"valid_embed_gesture_acc":NaN,"valid_bvp_embed_loss":NaN,"valid_bvp_null_loss":1.6399160964148385,"valid_gesture_conf_mat":{"path":"media/plotly/valid_gesture_conf_mat_494_f9840f77c2124dbfccbe.plotly.json","_type":"plotly-file","sha256":"f9840f77c2124dbfccbedc4a419b4a5b7f0fef5596419c828f8bd0940f063fe0","size":17691},"train_domain_loss":4.639499187469482,"valid_joint_loss":23.288912994521006,"train_gesture_null":[],"valid_embed_gesture_f1":NaN,"_step":494,"_runtime":739.5156349,"valid_domain_null":[],"valid_domain_conf_mat":{"_type":"plotly-file","sha256":"1af01092dc139d0e02128cc170e1fa3b873a28d663a1fa5fd1592bf0121514e8","size":17691,"path":"media/plotly/valid_domain_conf_mat_494_1af01092dc139d0e0212.plotly.json"},"valid_null_gesture_f1":0.3482142984867096,"_wandb":{"runtime":739},"train_null_loss":1.6913928985595703,"valid_embed_domain_acc":NaN,"train_loss":1.6913928985595703,"valid_embed_domain_f1":NaN}