{"_timestamp":1.7462075435123217e+09,"train_bvp":{"count":3,"filenames":["media/images/train_bvp_342_f5184a18d1d8f1fa6569.png","media/images/train_bvp_342_a1be7dcec4f6835a7fb9.png","media/images/train_bvp_342_7dbffbf5007152976600.png"],"_type":"images/separated","width":20,"height":20,"format":"png"},"train_embed_loss":1.7331180572509766,"train_bvp_null":{"format":"png","count":3,"filenames":["media/images/train_bvp_null_342_275f7267933ca2eea0bc.png","media/images/train_bvp_null_342_66897492274340ddaeea.png","media/images/train_bvp_null_342_e06918dcde797eadd4ab.png"],"_type":"images/separated","width":20,"height":20},"_wandb":{"runtime":3527},"valid_embed_acc":0.2410714328289032,"valid_embed_f1":0.2410714328289032,"valid_null_prec":0.2232142835855484,"valid_null_acc":0.2232142835855484,"valid_bvp_embed":{"filenames":["media/images/valid_bvp_embed_349_6edc9df08a28d359e0e8.png","media/images/valid_bvp_embed_349_ddddb0e6a625353fdb9f.png","media/images/valid_bvp_embed_349_6e787b45afc4ddec9fef.png"],"_type":"images/separated","width":20,"height":20,"format":"png","count":3},"valid_embed_prec":0.2410714328289032,"valid_bvp_embed_loss":1.704773017338344,"valid_joint_loss":3.4398955356861864,"valid_elbo_loss":0.019363223974193846,"train_loss":1.7546515464782715,"train_loss_diff":-0.043067097663879395,"train_null_loss":1.776185154914856,"valid_null_conf_mat":{"size":6058,"path":"media/images/valid_null_conf_mat_349_167cddb91c3ebdbb15b5.png","format":"png","width":640,"height":480,"_type":"image-file","sha256":"167cddb91c3ebdbb15b56cfd1fd312b0e0c35f46d36542a282e95e10baab0d41"},"train_elbo_loss":0.016125697642564774,"_step":349,"valid_embed_conf_mat":{"format":"png","width":640,"height":480,"_type":"image-file","sha256":"569926fed5a53722a780cd8a05eda333e70dd9a596c92e7a615dc3d043f5d8fc","size":6062,"path":"media/images/valid_embed_conf_mat_349_569926fed5a53722a780.png"},"train_bvp_embed":{"filenames":["media/images/train_bvp_embed_342_89705e81e500ca227b4f.png","media/images/train_bvp_embed_342_103f257c4713cc2134ea.png","media/images/train_bvp_embed_342_19fedb1b17685a8ed75f.png"],"_type":"images/separated","width":20,"height":20,"format":"png","count":3},"valid_bvp":{"_type":"images/separated","width":20,"height":20,"format":"png","count":3,"filenames":["media/images/valid_bvp_349_d07013551178bc12f03d.png","media/images/valid_bvp_349_61d330c70c648dcc5fde.png","media/images/valid_bvp_349_72697e6d137750443323.png"]},"valid_bvp_null":{"_type":"images/separated","width":20,"height":20,"format":"png","count":3,"filenames":["media/images/valid_bvp_null_349_b885c85b7ab5904cb8a2.png","media/images/valid_bvp_null_349_76e2887a0ba5e8cf5f3b.png","media/images/valid_bvp_null_349_6716c4184d0f736eb42b.png"]},"valid_bvp_null_loss":1.7157592943736486,"valid_null_f1":0.2232142835855484,"_runtime":3527.2232747}