{"train_domain_loss":3.2283716201782227,"_runtime":4.9416953,"train_gesture_null":[],"train_domain_null":[],"_timestamp":1.7473064457253463e+09,"train_loss_diff":NaN,"train_loss":1.7847002744674683,"_wandb":{"runtime":4},"_step":1,"train_embed_loss":NaN,"train_null_loss":1.7847002744674683}