{"valid_bvp_embed_loss":NaN,"valid_embed_domain_acc":NaN,"train_loss_diff":NaN,"train_loss":1.6625933647155762,"valid_embed_gesture_f1":NaN,"valid_domain_loss":8.674313953944615,"valid_null_domain_acc":0.0803571417927742,"valid_domain_null":[],"_timestamp":1.7474943155273244e+09,"_step":494,"valid_embed_domain_f1":NaN,"valid_domain_conf_mat":{"sha256":"105b7a9fe11dbc25e73b3e669915e3354e3824c523b7571fd45ba83eff1bdac0","size":146485,"path":"media/plotly/valid_domain_conf_mat_494_105b7a9fe11dbc25e73b.plotly.json","_type":"plotly-file"},"valid_gesture_conf_mat":{"_type":"plotly-file","sha256":"f49ad2030427b4519700470e610618e5192a45881a4a10230b96f57566bd176f","size":17688,"path":"media/plotly/valid_gesture_conf_mat_494_f49ad2030427b4519700.plotly.json"},"train_domain_loss":8.898945808410645,"train_null_loss":1.6625933647155762,"train_embed_loss":NaN,"valid_embed_gesture_acc":NaN,"valid_null_domain_f1":0.0803571417927742,"train_domain_null":[],"_runtime":1090.6421783,"valid_null_gesture_acc":0.3035714328289032,"valid_gesture_null":[],"valid_null_gesture_f1":0.3035714328289032,"valid_joint_loss":10.316715972764152,"_wandb":{"runtime":1090},"valid_bvp_null_loss":1.6424020188195365,"train_gesture_null":[]}