{"valid_bvp":{"height":20,"format":"png","count":3,"filenames":["media/images/valid_bvp_299_d07013551178bc12f03d.png","media/images/valid_bvp_299_61d330c70c648dcc5fde.png","media/images/valid_bvp_299_72697e6d137750443323.png"],"_type":"images/separated","width":20},"train_elbo_loss":0.01521543599665165,"_wandb":{"runtime":2734},"valid_embed_conf_mat":{"size":6079,"path":"media/images/valid_embed_conf_mat_299_40694541407a09cc0e80.png","format":"png","width":640,"height":480,"_type":"image-file","sha256":"40694541407a09cc0e80806ea6c2c128dfb7c1f418bd1a6b7e3b6c8912fbea58"},"valid_joint_loss":3.4361594106469835,"valid_null_acc":0.3660714328289032,"train_bvp_null":{"width":20,"height":20,"format":"png","count":3,"filenames":["media/images/train_bvp_null_293_b2077d10bcd6f8c398b5.png","media/images/train_bvp_null_293_441ee60f4eb4e19f7923.png","media/images/train_bvp_null_293_d6cace259942212a7a2b.png"],"_type":"images/separated"},"train_loss":1.5363304615020752,"valid_embed_f1":0.3303571343421936,"valid_embed_prec":0.3303571343421936,"valid_bvp_null":{"height":20,"format":"png","count":3,"filenames":["media/images/valid_bvp_null_299_cbb695c191e72a8d2d7b.png","media/images/valid_bvp_null_299_948938e716ebedaa8272.png","media/images/valid_bvp_null_299_1bc84ff9532ff92e357a.png"],"_type":"images/separated","width":20},"_runtime":2734.1965811,"valid_embed_acc":0.3303571343421936,"train_embed_loss":1.5370266437530518,"valid_null_f1":0.3660714328289032,"train_bvp_embed":{"_type":"images/separated","width":20,"height":20,"format":"png","count":3,"filenames":["media/images/train_bvp_embed_293_88ad328bfae4afe77fc0.png","media/images/train_bvp_embed_293_8cd655756e400deb0664.png","media/images/train_bvp_embed_293_42daf56f591aa7d54a3b.png"]},"valid_bvp_embed_loss":1.7081619841711861,"valid_null_conf_mat":{"sha256":"2ede63ac003349769377271176085e9ea05c43627fc3edcb0ec54a22dc5a1e82","size":6064,"path":"media/images/valid_null_conf_mat_299_2ede63ac003349769377.png","format":"png","width":640,"height":480,"_type":"image-file"},"valid_bvp_null_loss":1.7078698362622942,"_step":299,"train_null_loss":1.5356342792510986,"valid_bvp_embed":{"width":20,"height":20,"format":"png","count":3,"filenames":["media/images/valid_bvp_embed_299_155aed0d292126c6b3ab.png","media/images/valid_bvp_embed_299_626013c34adc5c72ec26.png","media/images/valid_bvp_embed_299_08aa308aa804d25e99bf.png"],"_type":"images/separated"},"valid_null_prec":0.3660714328289032,"train_bvp":{"format":"png","count":3,"filenames":["media/images/train_bvp_293_99ab9c93203fe6807aec.png","media/images/train_bvp_293_ccefdc6d4ba979501274.png","media/images/train_bvp_293_6c3dfbbaed7eab3a3f2f.png"],"_type":"images/separated","width":20,"height":20},"valid_elbo_loss":0.020127590213503157,"_timestamp":1.7468025765103962e+09,"train_loss_diff":0.001392364501953125}