{"valid_embed_prec":NaN,"valid_bvp":{"filenames":["media/images/valid_bvp_29_5b7e2f4d9ae94d271096.png","media/images/valid_bvp_29_6f4a71d693cf00bb4a1b.png","media/images/valid_bvp_29_06450b04f042984c9aff.png"],"_type":"images/separated","width":20,"height":20,"format":"png","count":3},"train_log_sigmas":{"_type":"histogram","values":[44,0,0,0,0,0,0,0,0,0,0,0,0,0,0,0,0,0,1,0,0,0,1,0,1,0,1,1,0,0,1,1,0,2,2,1,0,0,1,1,0,0,1,0,0,0,0,0,0,0,0,0,0,0,0,0,0,0,0,0,0,0,0,1],"bins":[-0.13159969449043274,0.3231150805950165,0.7778298854827881,1.2325446605682373,1.6872594356536865,2.1419742107391357,2.596688985824585,3.051403760910034,3.5061185359954834,3.9608333110809326,4.415548324584961,4.87026309967041,5.324977874755859,5.779692649841309,6.234407424926758,6.689122200012207,7.143836975097656,7.5985517501831055,8.053266525268555,8.507981300354004,8.962696075439453,9.417410850524902,9.872125625610352,10.3268404006958,10.78155517578125,11.2362699508667,11.690984725952148,12.145699501037598,12.600414276123047,13.055129051208496,13.509843826293945,13.964558601379395,14.419273376464844,14.873988151550293,15.328702926635742,15.783417701721191,16.23813247680664,16.692846298217773,17.14756202697754,17.602275848388672,18.056991577148438,18.51170539855957,18.966421127319336,19.42113494873047,19.875850677490234,20.330564498901367,20.785280227661133,21.239994049072266,21.69470977783203,22.149423599243164,22.60413932800293,23.058853149414062,23.513568878173828,23.96828269958496,24.422998428344727,24.87771224975586,25.332427978515625,25.787141799926758,26.241857528686523,26.696571350097656,27.151287078857422,27.606000900268555,28.06071662902832,28.515430450439453,28.97014617919922]},"train_loss":1.7588938474655151,"valid_null_prec":0.1458333283662796,"valid_embed_acc":NaN,"valid_null_f1":0.1458333283662796,"train_mus":{"_type":"histogram","values":[42,1,1,0,0,0,0,1,1,0,0,0,0,0,0,0,0,0,0,0,0,0,0,1,0,1,0,1,1,0,0,0,0,0,0,1,0,0,0,0,0,0,0,0,0,0,1,0,2,3,0,0,1,0,1,0,0,0,0,0,0,0,0,1],"bins":[-0.13042829930782318,0.0938531756401062,0.3181346356868744,0.5424160957336426,0.7666975855827332,0.9909790754318237,1.2152605056762695,1.4395420551300049,1.6638234853744507,1.8881049156188965,2.112386465072632,2.336668014526367,2.5609493255615234,2.785230875015259,3.009512424468994,3.2337937355041504,3.4580752849578857,3.682356834411621,3.9066381454467773,4.130919933319092,4.355201244354248,4.579482555389404,4.803764343261719,5.028045654296875,5.252326965332031,5.476608753204346,5.700890064239502,5.925171375274658,6.149453163146973,6.373734474182129,6.598015785217285,6.8222975730896,7.046578884124756,7.270860195159912,7.495141983032227,7.719423294067383,7.943704605102539,8.167985916137695,8.392268180847168,8.616549491882324,8.84083080291748,9.065112113952637,9.289393424987793,9.51367473602295,9.737957000732422,9.962238311767578,10.186519622802734,10.41080093383789,10.635082244873047,10.859363555908203,11.083645820617676,11.307927131652832,11.532208442687988,11.756489753723145,11.9807710647583,12.205052375793457,12.42933464050293,12.653615951538086,12.877897262573242,13.102178573608398,13.326459884643555,13.550741195678711,13.775023460388184,13.99930477142334,14.223586082458496]},"valid_null_acc":0.1458333283662796,"valid_elbo_loss":8.8929384e+07,"train_embed_loss":NaN,"valid_bvp_embed_loss":NaN,"_step":29,"train_null_loss":1.7588938474655151,"valid_bvp_null_loss":1.8053518533706665,"valid_embed_f1":NaN,"_wandb":{"runtime":4355},"train_loss_diff":NaN,"train_elbo_loss":7.502843479230123e+26,"valid_joint_loss":8.892938580535185e+07,"train_bvp":{"_type":"images/separated","width":20,"height":20,"format":"png","count":3,"filenames":["media/images/train_bvp_26_c77d84c1cd26d6b66afc.png","media/images/train_bvp_26_c68053f99a993fd9591a.png","media/images/train_bvp_26_e4a2d95a87306bf943a5.png"]},"valid_null_conf_mat":{"size":6099,"path":"media/images/valid_null_conf_mat_29_96b75defafec8fe65a98.png","format":"png","width":640,"height":480,"_type":"image-file","sha256":"96b75defafec8fe65a98d60ab50e72e08fa8d92c1f4d6dffe13644659ed2fd65"},"_timestamp":1.7422194876634903e+09,"train_bvp_null":{"format":"png","count":3,"filenames":["media/images/train_bvp_null_26_04933f5fe64868adf5ac.png","media/images/train_bvp_null_26_a50a5df6acf05db32ac4.png","media/images/train_bvp_null_26_29ba9683aaa28fc455ae.png"],"_type":"images/separated","width":20,"height":20},"_runtime":4355.7320345,"valid_bvp_null":{"_type":"images/separated","width":20,"height":20,"format":"png","count":3,"filenames":["media/images/valid_bvp_null_29_fd5c3f5c339b57f0afc0.png","media/images/valid_bvp_null_29_299432118dbaa0b1214f.png","media/images/valid_bvp_null_29_7e808d0ee523007f6135.png"]}}