{"valid_domain_loss":29.426468440464564,"train_embed_loss":NaN,"_runtime":650.5035011,"valid_embed_gesture_acc":NaN,"valid_bvp_embed_loss":NaN,"train_domain_loss":5.054325103759766,"valid_gesture_conf_mat":{"sha256":"4cd12a68943174cd9af48a27924388746d790855cebbda993017546a8ac85a6d","size":17691,"path":"media/plotly/valid_gesture_conf_mat_362_4cd12a68943174cd9af4.plotly.json","_type":"plotly-file"},"valid_domain_null":[],"_timestamp":1.747384317978402e+09,"valid_null_domain_f1":0,"train_loss":1.7536048889160156,"valid_domain_conf_mat":{"sha256":"ea505a6d8a25bd943664c260c7080e838d83dfba14a2db0b96e873b3162b8a31","size":17691,"path":"media/plotly/valid_domain_conf_mat_362_ea505a6d8a25bd943664.plotly.json","_type":"plotly-file"},"train_loss_diff":NaN,"valid_null_gesture_f1":0.3214285671710968,"_wandb":{"runtime":650},"valid_embed_domain_f1":NaN,"valid_null_gesture_acc":0.3214285671710968,"valid_embed_gesture_f1":NaN,"valid_gesture_null":[],"valid_null_domain_acc":0,"valid_joint_loss":31.101135884012496,"train_domain_null":[],"valid_embed_domain_acc":NaN,"train_gesture_null":[],"_step":395,"train_null_loss":1.7536048889160156,"valid_bvp_null_loss":1.67466744354793}