{"valid_embed_f1":NaN,"valid_embed_prec":NaN,"valid_bvp_embed_loss":NaN,"valid_bvp_null_loss":1.7965697685877482,"valid_null_prec":0.22499999403953552,"valid_null_f1":0.22499999403953552,"valid_embed_acc":NaN,"valid_bvp":{"filenames":["media/images/valid_bvp_0_cae3c1c24f04733a0019.png","media/images/valid_bvp_0_15aaf8a4d1868acb15a2.png"],"_type":"images/separated","width":20,"height":20,"format":"png","count":2},"_timestamp":1.7447110220340285e+09,"valid_joint_loss":2.2810239603122073,"_step":59,"valid_null_acc":0.22499999403953552,"_runtime":33.941758899999996,"valid_elbo_loss":0.4844541917244593,"valid_bvp_null":{"format":"png","count":2,"filenames":["media/images/valid_bvp_null_0_c6ad2c36f9e32256cdd6.png","media/images/valid_bvp_null_0_099a533b9854a8f18beb.png"],"_type":"images/separated","width":20,"height":20},"valid_null_conf_mat":{"sha256":"e0045a9ac64cca2e3264bf5d0d0321b226275957a09472f2d328bfd10fb8eef8","size":6152,"path":"media/images/valid_null_conf_mat_0_e0045a9ac64cca2e3264.png","format":"png","width":640,"height":480,"_type":"image-file"},"_wandb":{"runtime":33}}