{"_wandb":{"runtime":2752},"train_domain_loss":0.6768918037414551,"valid_domain_loss":3.401831490652902,"_step":349,"train_gesture_embed":[],"train_domain_embed":[],"train_loss":1.4735450744628906,"valid_bvp_null_loss":1.7442893130438668,"train_gesture_null":[],"valid_embed_gesture_acc":0.2589285671710968,"_timestamp":1.7454162463845992e+09,"train_domain_null":[],"valid_domain_embed":[],"valid_domain_null":[],"train_embed_loss":1.4562593698501587,"valid_bvp_embed_loss":1.7422994204929896,"valid_null_gesture_f1":0.2678571343421936,"valid_embed_domain_acc":0,"valid_embed_gesture_conf_mat":{"size":17688,"path":"media/plotly/valid_embed_gesture_conf_mat_349_e8fe09707cf0b64d557e.plotly.json","_type":"plotly-file","sha256":"e8fe09707cf0b64d557e7a9d7ccb82dc106da3bf9b60c896ca35064446133ab8"},"valid_gesture_conf_mat":{"size":17689,"path":"media/plotly/valid_gesture_conf_mat_349_68f632d0c7cda76ee0af.plotly.json","_type":"plotly-file","sha256":"68f632d0c7cda76ee0afdbef99b77df187e2725c48fc686cc977759d1acacb06"},"valid_null_domain_acc":0,"valid_gesture_embed":[],"_runtime":2752.83803,"valid_null_gesture_acc":0.2678571343421936,"valid_embed_gesture_f1":0.2589285671710968,"valid_embed_domain_f1":0,"valid_embed_domain_conf_mat":{"_type":"plotly-file","sha256":"e896b57c37c4cc220b0f1394532069ecd1b51e8d5292a2486dadfac1d1accc0a","size":10065,"path":"media/plotly/valid_embed_domain_conf_mat_349_e896b57c37c4cc220b0f.plotly.json"},"valid_domain_conf_mat":{"path":"media/plotly/valid_domain_conf_mat_349_e896b57c37c4cc220b0f.plotly.json","_type":"plotly-file","sha256":"e896b57c37c4cc220b0f1394532069ecd1b51e8d5292a2486dadfac1d1accc0a","size":10065},"train_null_loss":1.4908307790756226,"valid_joint_loss":6.888420224189758,"valid_gesture_null":[],"valid_null_domain_f1":0,"train_loss_diff":-0.03457140922546387}