{"train_null_loss":1.5107001066207886,"train_loss_diff":-0.06159567832946777,"valid_null_f1":0.2410714328289032,"valid_null_acc":0.2410714328289032,"valid_null_prec":0.2410714328289032,"train_bvp_null":{"filenames":["media/images/train_bvp_null_342_5849f80d25ef60e04fd3.png","media/images/train_bvp_null_342_af7fa083c892c30b16f9.png","media/images/train_bvp_null_342_54c21fc720780eaefd4f.png"],"_type":"images/separated","width":20,"height":20,"format":"png","count":3},"_runtime":8270.9677481,"train_bvp":{"format":"png","count":3,"filenames":["media/images/train_bvp_342_b6fccac344813bbd1ed6.png","media/images/train_bvp_342_b60a80db154ba1f7096a.png","media/images/train_bvp_342_97dde3a8b3d92533c76e.png"],"_type":"images/separated","width":20,"height":20},"valid_bvp_null":{"width":20,"height":20,"format":"png","count":3,"filenames":["media/images/valid_bvp_null_349_29008e484800024b1c29.png","media/images/valid_bvp_null_349_e027b651f57dbae144d2.png","media/images/valid_bvp_null_349_669c137830bea722f0f2.png"],"_type":"images/separated"},"valid_null_conf_mat":{"format":"png","width":640,"height":480,"_type":"image-file","sha256":"276c4a10dcc5032ab076e548c259b1b28f14b4015c2a84db33e65ebfebcd559b","size":6112,"path":"media/images/valid_null_conf_mat_349_276c4a10dcc5032ab076.png"},"_step":349,"train_loss":1.4799022674560547,"train_elbo_loss":0.019666779786348343,"valid_bvp_null_loss":1.7477013383592879,"valid_embed_prec":0.2410714328289032,"train_bvp_embed":{"width":20,"height":20,"format":"png","count":3,"filenames":["media/images/train_bvp_embed_342_ce7fb9b6973b1ab563d3.png","media/images/train_bvp_embed_342_55f3d181a468615bbeda.png","media/images/train_bvp_embed_342_304d880a2541b46e9f82.png"],"_type":"images/separated"},"valid_bvp":{"width":20,"height":20,"format":"png","count":3,"filenames":["media/images/valid_bvp_349_d07013551178bc12f03d.png","media/images/valid_bvp_349_61d330c70c648dcc5fde.png","media/images/valid_bvp_349_72697e6d137750443323.png"],"_type":"images/separated"},"_wandb":{"runtime":8270},"_timestamp":1.7463749349419055e+09,"train_embed_loss":1.4491044282913208,"valid_bvp_embed_loss":1.747939211981637,"valid_bvp_embed":{"count":3,"filenames":["media/images/valid_bvp_embed_349_8d112d7c1f605172ed73.png","media/images/valid_bvp_embed_349_a73ab16e5a7317398a13.png","media/images/valid_bvp_embed_349_898642e2d3204eedeb4d.png"],"_type":"images/separated","width":20,"height":20,"format":"png"},"valid_embed_acc":0.2410714328289032,"valid_elbo_loss":0.022593482796634947,"valid_embed_conf_mat":{"height":480,"_type":"image-file","sha256":"276c4a10dcc5032ab076e548c259b1b28f14b4015c2a84db33e65ebfebcd559b","size":6112,"path":"media/images/valid_embed_conf_mat_349_276c4a10dcc5032ab076.png","format":"png","width":640},"valid_joint_loss":3.51823403313756,"valid_embed_f1":0.2410714328289032}