{"train_loss_diff":-0.07826340198516846,"valid_null_conf_mat":{"path":"media/images/valid_null_conf_mat_1849_5a302df37950fc9f03b9.png","format":"png","width":640,"height":480,"_type":"image-file","sha256":"5a302df37950fc9f03b94fe1b8d593676b5310eed253100674b34b4f37c7b61f","size":6046},"train_elbo_loss":0.016662826761603355,"train_null_loss":1.756028413772583,"valid_bvp_null_loss":1.5941479206085205,"valid_bvp":{"height":20,"format":"png","count":3,"filenames":["media/images/valid_bvp_1849_d07013551178bc12f03d.png","media/images/valid_bvp_1849_61d330c70c648dcc5fde.png","media/images/valid_bvp_1849_72697e6d137750443323.png"],"_type":"images/separated","width":20},"valid_bvp_embed_loss":1.591991322381156,"valid_null_f1":0.4642857015132904,"_runtime":4829.877906,"valid_embed_prec":0.4910714328289032,"train_bvp_embed":{"filenames":["media/images/train_bvp_embed_1812_3238829c3057ea57a6de.png","media/images/train_bvp_embed_1812_f905775ef66d5d3979dc.png","media/images/train_bvp_embed_1812_1fea570dc6c0351546a4.png"],"_type":"images/separated","width":20,"height":20,"format":"png","count":3},"_step":1849,"valid_null_acc":0.4642857015132904,"train_loss":1.7168967723846436,"valid_embed_f1":0.4910714328289032,"valid_bvp_null":{"width":20,"height":20,"format":"png","count":3,"filenames":["media/images/valid_bvp_null_1849_bf0a77eccfb665eca807.png","media/images/valid_bvp_null_1849_69b9fe706636648173e9.png","media/images/valid_bvp_null_1849_5b6594de70dc6897e053.png"],"_type":"images/separated"},"_wandb":{"runtime":4829},"valid_embed_conf_mat":{"height":480,"_type":"image-file","sha256":"a41f0787a86e3845e6e06074f51dba24ecf7c1c9483fde2e6726b705fe55f7fe","size":6034,"path":"media/images/valid_embed_conf_mat_1849_a41f0787a86e3845e6e0.png","format":"png","width":640},"_timestamp":1.7480258468625684e+09,"train_bvp_null":{"count":3,"filenames":["media/images/train_bvp_null_1812_9b1abca0a2d9fd42ab35.png","media/images/train_bvp_null_1812_e143584019d3bbd267b2.png","media/images/train_bvp_null_1812_0b8b11743be6c574bac3.png"],"_type":"images/separated","width":20,"height":20,"format":"png"},"train_bvp":{"width":20,"height":20,"format":"png","count":3,"filenames":["media/images/train_bvp_1812_d775dde0e956ca1003fc.png","media/images/train_bvp_1812_49c6a733a66a1fd620e0.png","media/images/train_bvp_1812_597872e2767af5d90f28.png"],"_type":"images/separated"},"valid_null_prec":0.4642857015132904,"valid_embed_acc":0.4910714328289032,"valid_elbo_loss":0.019056177032845362,"valid_bvp_embed":{"format":"png","count":3,"filenames":["media/images/valid_bvp_embed_1849_8946d3c3c10bbff9c077.png","media/images/valid_bvp_embed_1849_93813ff9e22aebabbe3a.png","media/images/valid_bvp_embed_1849_a66266a3b5557ab4ebf3.png"],"_type":"images/separated","width":20,"height":20},"valid_joint_loss":3.205195420022522,"train_embed_loss":1.6777650117874146}