{"valid_embed_f1":0.3660714328289032,"_wandb":{"runtime":3391},"valid_bvp_null":{"_type":"images/separated","width":20,"height":20,"format":"png","count":3,"filenames":["media/images/valid_bvp_null_1649_2f5aaece96c09e233630.png","media/images/valid_bvp_null_1649_a90b0855dc1e03d43ea7.png","media/images/valid_bvp_null_1649_a561805ebde1c422ca4b.png"]},"train_null_loss":1.4945991039276123,"valid_embed_prec":0.3660714328289032,"_step":1649,"valid_elbo_loss":0.0191673788108996,"valid_bvp_embed_loss":1.6304580654416765,"valid_bvp_embed":{"height":20,"format":"png","count":3,"filenames":["media/images/valid_bvp_embed_1649_8bde54f8676f785ab2f2.png","media/images/valid_bvp_embed_1649_1663c6f5815f6f246c50.png","media/images/valid_bvp_embed_1649_c923c2228fe317dc3889.png"],"_type":"images/separated","width":20},"train_loss":1.4971933364868164,"train_bvp_embed":{"_type":"images/separated","width":20,"height":20,"format":"png","count":3,"filenames":["media/images/train_bvp_embed_1616_dc3f424a5f83f80a47a9.png","media/images/train_bvp_embed_1616_249bca9cc58b02757e0d.png","media/images/train_bvp_embed_1616_6eae4751c3bd349ddeaf.png"]},"valid_bvp":{"height":20,"format":"png","count":3,"filenames":["media/images/valid_bvp_1649_d07013551178bc12f03d.png","media/images/valid_bvp_1649_61d330c70c648dcc5fde.png","media/images/valid_bvp_1649_72697e6d137750443323.png"],"_type":"images/separated","width":20},"_timestamp":1.7472338427848513e+09,"valid_bvp_null_loss":1.6293364252362932,"valid_null_acc":0.3839285671710968,"valid_joint_loss":3.2789618694888696,"valid_null_f1":0.3839285671710968,"_runtime":3391.3868411,"valid_null_conf_mat":{"sha256":"0895f11a60050e2f818b74b3f0cc57bed3a3a6e22832a1b51f52aed49a0a16bb","size":6170,"path":"media/images/valid_null_conf_mat_1649_0895f11a60050e2f818b.png","format":"png","width":640,"height":480,"_type":"image-file"},"valid_embed_conf_mat":{"_type":"image-file","sha256":"57fba56758c9e6c27e54605c726ef8a1b4d4e9e904d325e7240882aea6c725b7","size":6111,"path":"media/images/valid_embed_conf_mat_1649_57fba56758c9e6c27e54.png","format":"png","width":640,"height":480},"train_bvp_null":{"_type":"images/separated","width":20,"height":20,"format":"png","count":3,"filenames":["media/images/train_bvp_null_1616_c7cf0f8100fe96d1b244.png","media/images/train_bvp_null_1616_cfb9d998e2dccfa04790.png","media/images/train_bvp_null_1616_900995cd097ba7462ec6.png"]},"train_embed_loss":1.499787449836731,"valid_null_prec":0.3839285671710968,"train_elbo_loss":0.0170939601957798,"train_loss_diff":0.005188345909118652,"train_bvp":{"_type":"images/separated","width":20,"height":20,"format":"png","count":3,"filenames":["media/images/train_bvp_1616_40aaaa2781c20a7cbe5b.png","media/images/train_bvp_1616_f50a7a984f16871e178f.png","media/images/train_bvp_1616_41ca536009c3b011ebe9.png"]},"valid_embed_acc":0.3660714328289032}